time,thrust
-0.004903,6.773430703
-0.001032,7.321607171
0.002839,8.335733635
0.007,8.664639516
0.010871,7.568286581
0.014742,7.623104228
0.018613,7.979418932
0.022484,8.637230693
0.026355,12.36483067
0.030226,15.10571301
0.034097,19.51853357
0.037968,25.00029825
0.041839,27.22041294
0.046,61.70071274
0.049871,85.9301126
0.053742,95.96174195
0.057613,115.7509124
0.061484,128.6878771
0.065355,97.35959194
0.069226,87.41018906
0.073097,110.4884183
0.076968,135.2934035
0.080839,157.3300975
0.084,139.5417711
0.087871,138.4180094
0.091742,124.6039624
0.095613,111.0640036
0.099484,126.2759006
0.103355,137.4312917
0.107226,141.2137093
0.111097,109.0905683
0.114968,108.1586684
0.118839,115.5316418
0.123,135.3208123
0.126871,147.2436505
0.130742,137.4861094
0.134613,139.2676829
0.138484,163.1955857
0.142355,159.9613445
0.146226,156.480424
0.150097,161.3317857
0.153968,140.4736711
0.157839,128.1671094
0.162,135.5126741
0.165871,200.8827178
0.169742,277.7096497
0.173613,557.2796481
0.177484,1261.768635
0.181355,1863.967893
0.185226,649.7296093
0.189097,285.274485
0.192968,516.3582748
0.196839,813.1136055
0.2,712.0298649
0.203871,43.93979519
0.207742,155.0551651
0.211613,828.9833142
0.215484,423.5245901
0.219355,-35.54579258
0.223226,409.2171843
0.227097,385.8100491
0.230968,-62.95461595
0.234839,63.34524214
0.239,464.0622398
0.242871,407.9837872
0.246742,57.97311276
0.250613,26.12406
0.254484,404.8865902
0.258355,474.9983603
0.262226,115.6960948
0.266097,218.4791824
0.269968,584.0306597
0.273839,324.7980083
0.278,112.0781301
0.281871,530.91236
0.285742,722.1711295
0.289613,375.888055
0.293484,168.5403062
0.297355,365.9112433
0.301226,471.5996663
0.305097,357.6885963
0.308968,1360.933758
0.312839,2014.442334
0.316,1746.164771
0.319871,1085.886216
0.323742,1821.155311
0.327613,2767.965706
0.331484,2414.200023
0.335355,1984.895622
0.339226,2741.022833
0.343097,2952.344861
0.346968,2211.292503
0.350839,2236.700483
0.355,2727.044333
0.358871,2513.200693
0.362742,1953.649564
0.366613,2052.540598
0.370484,2620.725507
0.374355,2383.50214
0.378226,1655.633427
0.382097,1816.632856
0.385968,2454.299131
0.389839,2174.043912
0.394,1818.112932
0.397871,2287.105309
0.401742,2499.27701
0.405613,2027.598569
0.409484,1903.107693
0.413355,2403.236493
0.417226,2635.08773
0.421097,2223.160524
0.424968,2040.508125
0.428839,2450.434487
0.433,2582.709469
0.436871,2155.652592
0.440742,2135.89083
0.444613,2510.92576
0.448484,2319.392903
0.452355,1906.533796
0.456226,2098.971145
0.460097,2456.711108
0.463968,2222.721983
0.467839,1873.177258
0.471,2098.203698
0.474871,2397.836955
0.478742,2200.19193
0.482613,2017.950663
0.486484,2315.226761
0.490355,2471.703734
0.494226,2234.590003
0.498097,2236.508621
0.501968,2409.924246
0.505839,2437.744202
0.51,2194.8198
0.513871,2188.07723
0.517742,2439.88209
0.521613,2363.384064
0.525484,2024.885096
0.529355,2127.96968
0.533226,2374.512046
0.537097,2218.638068
0.540968,1973.466143
0.544839,2117.773598
0.549,2366.070129
0.552871,2176.346253
0.556742,2018.663293
0.560613,2330.082344
0.564484,2458.163775
0.568355,2260.025391
0.572226,2154.145107
0.576097,2454.162087
0.579968,2476.664731
0.583839,2228.61488
0.587,2161.545489
0.590871,2431.714261
0.594742,2352.667214
0.598613,2107.138974
0.602484,2122.405689
0.606355,2316.131253
0.610226,2183.746636
0.614097,2028.174154
0.617968,2176.017348
0.621839,2330.137161
0.626,2206.331506
0.629871,2087.952798
0.633742,2296.15022
0.637613,2444.07564
0.641484,2287.269762
0.645355,2242.100021
0.649226,2418.146893
0.653097,2472.169684
0.656968,2294.834597
0.660839,2218.802521
0.665,2361.684717
0.668871,2360.341685
0.672742,2132.903268
0.676613,2158.585336
0.680484,2320.6263
0.684355,2234.288506
0.688226,2071.452686
0.692097,2152.062036
0.695968,2297.273982
0.699839,2198.163677
0.704,2137.343498
0.707871,2271.372644
0.711742,2351.269364
0.715613,2343.540076
0.719484,2307.5797
0.723355,2422.17599
0.727226,2435.770767
0.731097,2304.31805
0.734968,2291.353676
0.738839,2346.637273
0.742,2358.039344
0.745871,2187.254965
0.749742,2195.99838
0.753613,2257.805277
0.757484,2213.320756
0.761355,2135.836013
0.765226,2187.337192
0.769097,2249.007044
0.772968,2188.241683
0.776839,2190.105483
0.781,2302.289797
0.784871,2383.885864
0.788742,2317.858009
0.792613,2274.634294
0.796484,2422.477487
0.800355,2460.959475
0.804226,2339.976929
0.808097,2302.289797
0.811968,2387.174923
0.815839,2322.298238
0.82,2223.982788
0.823871,2224.6406
0.827742,2299.028147
0.831613,2267.809497
0.835484,2148.855204
0.839355,2147.429945
0.843226,2242.291882
0.847097,2217.623941
0.850968,2215.650506
0.854839,2285.625232
0.858,2343.622302
0.861871,2332.247641
0.865742,2328.465223
0.869613,2430.34382
0.873484,2429.110423
0.877355,2328.739311
0.881226,2324.847258
0.885097,2336.742688
0.888968,2340.388061
0.892839,2299.357053
0.897,2284.254791
0.900871,2267.699862
0.904742,2254.433991
0.908613,2171.056351
0.912484,2195.724292
0.916355,2235.165588
0.920226,2219.0492
0.924097,2241.359982
0.927968,2290.997362
0.931839,2331.589829
0.936,2329.040808
0.939871,2355.188826
0.943742,2406.79964
0.947613,2442.266658
0.951484,2402.60609
0.955355,2376.046941
0.959226,2386.133388
0.963097,2359.05347
0.966968,2292.395212
0.970839,2280.636826
0.974,2290.312141
0.977871,2229.245283
0.981742,2211.703636
0.985613,2219.323288
0.989484,2224.17465
0.993355,2217.569124
0.997226,2230.341635
1.001097,2291.381085
1.004968,2359.217923
1.008839,2329.177853
1.013,2341.676276
1.016871,2399.317032
1.020742,2412.007317
1.024613,2373.333467
1.028484,2370.729629
1.032355,2379.801949
1.036226,2370.510358
1.040097,2327.396279
1.043968,2300.672676
1.047839,2290.750682
1.052,2268.576944
1.055871,2179.9094
1.059742,2222.530121
1.063613,2261.697329
1.067484,2206.961909
1.071355,2219.898874
1.075226,2317.501694
1.079097,2384.132543
1.082968,2338.222764
1.086839,2328.245953
1.091,2407.950811
1.094871,2394.46567
1.098742,2335.646335
1.102613,2408.827893
1.106484,2455.72439
1.110355,2372.593429
1.114226,2272.468997
1.118097,2289.654329
1.121968,2322.983458
1.125839,2245.580941
1.129,2193.120453
1.132871,2246.403206
1.136742,2249.637447
1.140613,2212.909624
1.144484,2228.61488
1.148355,2274.058709
1.152226,2313.445188
1.156097,2339.702841
1.159968,2304.016553
1.163839,2378.705596
1.168,2454.573219
1.171871,2387.832735
1.175742,2378.870049
1.179613,2371.908208
1.183484,2381.309435
1.187355,2327.094782
1.191226,2345.403876
1.195097,2296.643579
1.198968,2266.521282
1.202839,2214.85565
1.207,2195.888745
1.210871,2276.333641
1.214742,2275.511376
1.218613,2217.596533
1.222484,2259.367579
1.226355,2345.102379
1.230226,2353.133164
1.234097,2307.881197
1.237968,2353.818385
1.241839,2413.432576
1.245,2399.12517
1.248871,2380.569396
1.252742,2395.068664
1.256613,2393.232273
1.260484,2356.970399
1.264355,2304.893635
1.268226,2312.102156
1.272097,2280.910915
1.275968,2266.630918
1.279839,2231.026856
1.284,2225.873997
1.287871,2271.975638
1.291742,2256.818559
1.295613,2252.899097
1.299484,2277.155906
1.303355,2327.478506
1.307226,2337.839041
1.311097,2354.85992
1.314968,2385.475576
1.318839,2383.173235
1.323,2390.02544
1.326871,2394.767167
1.330742,2382.652467
1.334613,2354.421379
1.338484,2323.668679
1.342355,2304.674364
1.346226,2295.793906
1.350097,2269.015485
1.353968,2281.623544
1.357839,2265.781244
1.362,2235.467085
1.365871,2273.455715
1.369742,2299.603732
1.373613,2305.00327
1.377484,2334.330711
1.381355,2340.113973
1.385226,2334.659617
1.389097,2402.057914
1.392968,2420.394417
1.396839,2365.357499
1.4,2384.43404
1.403871,2386.571929
1.407742,2350.584144
1.411613,2335.344838
1.415484,2302.563885
1.419355,2297.054712
1.423226,2281.431682
1.427097,2253.419865
1.430968,2240.26363
1.434839,2248.979635
1.439,2302.563885
1.442871,2303.550603
1.446742,2290.449185
1.450613,2302.947609
1.454484,2335.235203
1.458355,2379.171546
1.462226,2417.51649
1.466097,2374.594273
1.469968,2394.739758
1.473839,2406.717414
1.478,2336.68787
1.481871,2355.271052
1.485742,2364.973776
1.489613,2327.588141
1.493484,2264.054488
1.497355,2255.3933
1.501226,2261.039518
1.505097,2259.614259
1.508968,2238.427238
1.512839,2244.265318
1.516,2288.996518
1.519871,2303.468376
1.523742,2324.463535
1.527613,2327.862229
1.531484,2362.945523
1.535355,2388.134232
1.539226,2383.145826
1.543097,2414.583746
1.546968,2423.35457
1.550839,2373.278649
1.555,2323.696088
1.558871,2337.482726
1.562742,2359.135697
1.566613,2299.028147
1.570484,2256.270382
1.574355,2295.821315
1.578226,2266.822779
1.582097,2230.232
1.585968,2277.210723
1.589839,2292.88857
1.594,2313.143691
1.597871,2330.000117
1.601742,2300.425997
1.605613,2348.172167
1.609484,2402.496455
1.613355,2383.74882
1.617226,2394.246399
1.621097,2389.943214
1.624968,2381.528705
1.628839,2334.549982
1.633,2357.984526
1.636871,2372.593429
1.640742,2301.823847
1.644613,2259.203127
1.648484,2272.030456
1.652355,2275.840282
1.656226,2286.310453
1.660097,2244.265318
1.663968,2255.914068
1.667839,2307.990832
1.671,2297.904385
1.674871,2331.069061
1.678742,2366.399035
1.682613,2412.281405
1.686484,2350.776005
1.690355,2328.410406
1.694226,2429.41192
1.698097,2414.994879
1.701968,2372.785291
1.705839,2362.260302
1.71,2353.516888
1.713871,2331.507603
1.717742,2274.058709
1.721613,2243.909003
1.725484,2297.959203
1.729355,2263.369268
1.733226,2251.802744
1.737097,2302.728338
1.740968,2347.569173
1.744839,2299.137782
1.749,2288.338706
1.752871,2363.137385
1.756742,2420.229964
1.760613,2406.415917
1.764484,2354.85992
1.768355,2415.954187
1.772226,2424.259061
1.776097,2307.661926
1.779968,2328.437814
1.783839,2366.864985
1.787,2307.607109
1.790871,2277.375176
1.794742,2286.36527
1.798613,2284.062929
1.802484,2288.749838
1.806355,2245.800212
1.810226,2242.675606
1.814097,2336.4686
1.817968,2354.421379
1.821839,2271.866003
1.826,2331.754282
1.829871,2412.63772
1.833742,2380.240491
1.837613,2362.753661
1.841484,2417.98244
1.845355,2411.349505
1.849226,2343.156352
1.853097,2345.458694
1.856968,2373.854235
1.860839,2342.443723
1.865,2276.799591
1.868871,2267.672453
1.872742,2315.747529
1.876613,2277.950762
1.880484,2236.810118
1.884355,2244.2105
1.888226,2316.679429
1.892097,2327.067373
1.895968,2267.919132
1.899839,2362.671435
1.903,2451.229343
1.906871,2370.208861
1.910742,2346.856544
1.914613,2417.680943
1.918484,2419.709196
1.922355,2368.83842
1.926226,2365.056002
1.930097,2372.346749
1.933968,2317.145379
1.937839,2267.562818
1.942,2246.348388
1.945871,2300.508223
1.949742,2302.9202
1.953613,2227.655571
1.957484,2240.894032
1.961355,2325.368026
1.965226,2307.634517
1.969097,2323.422
1.972968,2368.427288
1.976839,2376.348438
1.981,2359.327558
1.984871,2377.801105
1.988742,2422.313034
1.992613,2438.922781
1.996484,2412.363632
2.000355,2337.592361
2.004226,2383.666593
2.008097,2343.67712
2.011968,2264.630074
2.015839,2288.037209
2.02,2297.191756
2.023871,2268.385082
2.027742,2256.873377
2.031613,2262.793682
2.035484,2268.933259
2.039355,2296.479126
2.043226,2328.273361
2.047097,2370.482949
2.050968,2382.049473
2.054839,2348.967023
2.058,2359.683873
2.061871,2392.464826
2.065742,2372.456385
2.069613,2401.975687
2.073484,2407.101137
2.077355,2362.616617
2.081226,2332.713591
2.085097,2286.886038
2.088968,2322.298238
2.092839,2320.681117
2.097,2283.10362
2.100871,2269.3718
2.104742,2266.767962
2.108613,2274.168344
2.112484,2292.614482
2.116355,2325.121347
2.120226,2349.953741
2.124097,2361.438038
2.127968,2333.042497
2.131839,2366.344217
2.136,2412.802173
2.139871,2407.04632
2.143742,2360.91727
2.147613,2356.586676
2.151484,2361.465447
2.155355,2324.847258
2.159226,2304.290641
2.163097,2338.003494
2.166968,2265.616791
2.170839,2262.711456
2.174,2285.597823
2.177871,2272.414179
2.181742,2281.842815
2.185613,2296.205038
2.189484,2279.458247
2.193355,2327.917047
2.197226,2394.493079
2.201097,2395.726476
2.204968,2374.977996
2.208839,2388.40832
2.213,2354.39397
2.216871,2388.40832
2.220742,2400.824517
2.224613,2320.050714
2.228484,2342.717811
2.232355,2335.920423
2.236226,2297.575479
2.240097,2291.518129
2.243968,2270.714832
2.247839,2298.178473
2.252,2291.545538
2.255871,2250.487121
2.259742,2269.426618
2.263613,2335.564108
2.267484,2329.47935
2.271355,2299.795594
2.275226,2387.777917
2.279097,2375.005405
2.282968,2377.910741
2.286839,2374.073505
2.291,2380.624214
2.294871,2385.722255
2.298742,2348.281802
2.302613,2307.853788
2.306484,2329.451941
2.310355,2323.531635
2.314226,2278.937479
2.318097,2251.144932
2.321968,2318.378776
2.325839,2306.921888
2.329,2249.719674
2.332871,2291.764809
2.336742,2357.025217
2.340613,2348.939614
2.344484,2326.354744
2.348355,2338.140538
2.352226,2376.896614
2.356097,2365.028594
2.359968,2374.512046
2.363839,2405.045476
2.368,2383.666593
2.371871,2334.741844
2.375742,2333.89217
2.379613,2366.070129
2.383484,2314.596359
2.387355,2257.394144
2.391226,2273.044582
2.395097,2274.058709
2.398968,2295.190912
2.402839,2325.614706
2.407,2312.184382
2.410871,2295.739088
2.414742,2322.901232
2.418613,2317.748373
2.422484,2362.479573
2.426355,2426.342131
2.430226,2404.634343
2.434097,2361.410629
2.437968,2336.112285
2.441839,2368.83842
2.445,2388.052005
2.448871,2339.839885
2.452742,2315.747529
2.456613,2316.049026
2.460484,2292.121123
2.464355,2266.630918
2.468226,2285.186691
2.472097,2314.623767
2.475968,2278.060397
2.479839,2290.175097
2.484,2311.99252
2.487871,2349.844105
2.491742,2372.840108
2.495613,2376.786979
2.499484,2350.310055
2.503355,2376.841796
2.507226,2388.682408
2.511097,2379.692314
2.514968,2363.137385
2.518839,2388.901679
2.523,2313.006647
2.526871,2302.426841
2.530742,2345.705373
2.534613,2317.11797
2.538484,2264.821935
2.542355,2286.420088
2.546226,2260.162435
2.550097,2310.512444
2.553968,2314.048182
2.557839,2284.03552
2.561,2336.797505
2.564871,2341.977773
2.568742,2320.324803
2.572613,2379.801949
2.576484,2406.087011
2.580355,2384.982217
2.584226,2366.536079
2.588097,2357.107444
2.591968,2348.775161
2.595839,2335.75597
2.6,2338.058311
2.603871,2334.714435
2.607742,2318.488411
2.611613,2270.742241
2.615484,2272.496406
2.619355,2315.089717
2.623226,2325.888794
2.627097,2259.203127
2.630968,2287.817938
2.634839,2350.858232
2.639,2357.025217
2.642871,2353.571705
2.646742,2346.500229
2.650613,2387.531238
2.654484,2358.614929
2.658355,2353.297617
2.662226,2384.516267
2.666097,2374.703908
2.669968,2343.540076
2.673839,2346.034279
2.678,2308.895323
2.681871,2291.901853
2.685742,2282.17172
2.689613,2302.125344
2.693484,2309.4435
2.697355,2302.043117
2.701226,2281.815406
2.705097,2293.464156
2.708968,2357.710438
2.712839,2350.584144
2.716,2340.333244
2.719871,2358.751973
2.723742,2384.379223
2.727613,2352.091629
2.731484,2370.482949
2.735355,2400.440793
2.739226,2370.70222
2.743097,2307.744153
2.746968,2300.1245
2.750839,2311.362117
2.755,2299.740776
2.758871,2329.588985
2.762742,2290.257323
2.766613,2266.439056
2.770484,2298.425153
2.774355,2314.952673
2.778226,2291.764809
2.782097,2299.110373
2.785968,2347.87067
2.789839,2360.807635
2.794,2349.898923
2.797871,2357.408941
2.801742,2363.109976
2.805613,2376.732161
2.809484,2362.78107
2.813355,2374.649091
2.817226,2358.58752
2.821097,2324.3539
2.824968,2308.97755
2.828839,2305.24995
2.832,2305.332176
2.835871,2261.587694
2.839742,2284.638515
2.843613,2307.360429
2.847484,2300.371179
2.851355,2285.049647
2.855226,2315.117126
2.859097,2357.710438
2.862968,2320.516664
2.866839,2347.349902
2.871,2408.471579
2.874871,2403.236493
2.878742,2368.043564
2.882613,2331.397967
2.886484,2344.38975
2.890355,2374.621682
2.894226,2362.369938
2.898097,2302.837973
2.901968,2282.281356
2.905839,2260.957291
2.91,2272.578632
2.913871,2291.02477
2.917742,2326.738467
2.921613,2291.901853
2.925484,2257.640824
2.929355,2295.410182
2.933226,2352.338308
2.937097,2373.388285
2.940968,2339.456161
2.944839,2377.664061
2.949,2386.07857
2.952871,2359.957961
2.956742,2368.098382
2.960613,2377.143293
2.964484,2358.423067
2.968355,2337.86645
2.972226,2264.164124
2.976097,2312.129564
2.979968,2346.93877
2.983839,2261.012109
2.987,2228.751924
2.990871,2322.4901
2.994742,2340.278426
2.998613,2278.115215
3.002484,2310.3754
3.006355,2370.565176
3.010226,2327.780003
3.014097,2356.339997
3.017968,2384.21477
3.021839,2382.597649
3.026,2374.292776
3.029871,2349.844105
3.033742,2354.558423
3.037613,2385.585211
3.041484,2352.009402
3.045355,2290.449185
3.049226,2329.23267
3.053097,2323.613861
3.056968,2273.236444
3.060839,2251.830153
3.065,2310.512444
3.068871,2291.709991
3.072742,2241.085894
3.076613,2288.146844
3.080484,2369.085099
3.084355,2341.731094
3.088226,2323.504226
3.092097,2373.306058
3.095968,2346.034279
3.099839,2354.558423
3.103,2371.798573
3.106871,2383.611776
3.110742,2373.141605
3.114613,2344.718655
3.118484,2301.604576
3.122355,2311.06062
3.126226,2351.954585
3.130097,2310.457626
3.133968,2284.391835
3.137839,2307.195976
3.142,2271.098556
3.145871,2248.787774
3.149742,2312.403653
3.153613,2340.744376
3.157484,2324.847258
3.161355,2319.173632
3.165226,2347.020997
3.169097,2385.064443
3.172968,2381.364252
3.176839,2353.46207
3.181,2380.240491
3.184871,2399.097761
3.188742,2343.786755
3.192613,2303.632829
3.196484,2314.157817
3.200355,2283.596979
3.204226,2279.458247
3.208097,2310.402809
3.211968,2291.02477
3.215839,2286.666768
3.219,2265.561974
3.222871,2284.117747
3.226742,2365.302682
3.230613,2346.637273
3.234484,2272.112682
3.238355,2378.321873
3.242226,2427.986661
3.246097,2358.861608
3.249968,2348.035123
3.253839,2406.717414
3.258,2352.859076
3.261871,2307.936014
3.265742,2298.205882
3.269613,2311.553979
3.273484,2342.388905
3.277355,2277.457403
3.281226,2257.887503
3.285097,2311.279891
3.288968,2298.94592
3.292839,2287.76312
3.297,2302.262388
3.300871,2340.086564
3.304742,2326.68365
3.308613,2315.72012
3.312484,2339.620614
3.316355,2397.398414
3.320226,2405.621061
3.324097,2348.501073
3.327968,2360.095005
3.331839,2340.552514
3.336,2320.269985
3.339871,2335.701153
3.343742,2319.91367
3.347613,2334.988523
3.351484,2315.007491
3.355355,2289.489876
3.359226,2271.016329
3.363097,2280.143468
3.366968,2316.076435
3.370839,2283.624388
3.374,2294.642735
3.377871,2331.260923
3.381742,2353.297617
3.385613,2325.642114
3.389484,2356.148135
3.393355,2360.286867
3.397226,2338.469444
3.401097,2380.185673
3.404968,2352.694623
3.408839,2319.255859
3.413,2349.679652
3.416871,2321.667835
3.420742,2297.931794
3.424613,2287.269762
3.428484,2273.209035
3.432355,2281.102776
3.436226,2315.281579
3.440097,2296.999894
3.443968,2296.890259
3.447839,2306.702617
3.452,2309.772406
3.455871,2339.538388
3.459742,2371.908208
3.463613,2360.286867
3.467484,2353.599114
3.471355,2368.893238
3.475226,2376.841796
3.479097,2328.985991
3.482968,2356.339997
3.486839,2348.884797
3.49,2301.303079
3.493871,2331.370558
3.497742,2287.434215
3.501613,2316.871291
3.505484,2273.592759
3.509355,2265.260476
3.513226,2295.136094
3.517097,2315.72012
3.520968,2306.236667
3.524839,2308.347147
3.529,2362.972932
3.532871,2346.883952
3.536742,2344.554202
3.540613,2347.212858
3.544484,2375.992123
3.548355,2374.512046
3.552226,2349.624835
3.556097,2362.178076
3.559968,2385.14667
3.563839,2324.874667
3.568,2305.058088
3.571871,2324.463535
3.575742,2293.793062
3.579613,2289.983235
3.583484,2270.742241
3.587355,2286.886038
3.591226,2363.109976
3.595097,2323.613861
3.598968,2285.43337
3.602839,2340.607332
3.607,2379.445635
3.610871,2342.306679
3.614742,2351.954585
3.618613,2368.728785
3.622484,2383.885864
3.626355,2330.959426
3.630226,2333.535855
3.634097,2364.151511
3.637968,2374.731317
3.641839,2287.489032
3.645,2296.725806
3.648871,2351.790132
3.652742,2309.607953
3.656613,2259.367579
3.660484,2303.38615
3.664355,2314.349679
3.668226,2311.115438
3.672097,2290.038053
3.675968,2335.015932
3.679839,2366.727941
3.684,2354.640649
3.687871,2296.972485
3.691742,2344.691247
3.695613,2360.478729
3.699484,2347.980305
3.703355,2355.545141
3.707226,2335.591517
3.711097,2339.976929
3.714968,2321.77747
3.718839,2308.813097
3.723,2321.585608
3.726871,2306.702617
3.730742,2320.927797
3.734613,2305.661082
3.738484,2319.639582
3.742355,2309.717588
3.746226,2354.448788
3.750097,2349.73447
3.753968,2342.772629
3.757839,2336.057467
3.761,2372.56602
3.764871,2377.170702
3.768742,2359.464602
3.772613,2356.860764
3.776484,2331.891326
3.780355,2332.02837
3.784226,2329.506758
3.788097,2330.301614
3.791968,2321.09225
3.795839,2276.415868
3.8,2287.516441
3.803871,2310.649488
3.807742,2331.672055
3.811613,2294.094559
3.815484,2324.463535
3.819355,2309.827223
3.823226,2340.854011
3.827097,2363.521108
3.830968,2345.047561
3.834839,2375.306902
3.839,2407.04632
3.842871,2353.763567
3.846742,2334.659617
3.850613,2367.44057
3.854484,2345.07497
3.858355,2305.414403
3.862226,2327.505914
3.866097,2304.564729
3.869968,2287.187535
3.873839,2313.253326
3.878,2321.996741
3.881871,2314.843038
3.885742,2314.78822
3.889613,2333.837353
3.893484,2316.377932
3.897355,2340.333244
3.901226,2352.584988
3.905097,2356.148135
3.908968,2372.154888
3.912839,2380.651623
3.916,2346.47282
3.919871,2334.769253
3.923742,2370.757038
3.927613,2357.957117
3.931484,2314.157817
3.935355,2318.104688
3.939226,2308.292329
3.943097,2312.266609
3.946968,2313.088873
3.950839,2299.220009
3.955,2293.765653
3.958871,2317.446876
3.962742,2325.258391
3.966613,2340.059155
3.970484,2356.888173
3.974355,2351.077502
3.978226,2317.255014
3.982097,2353.407252
3.985968,2342.361497
3.989839,2355.32587
3.994,2389.80617
3.997871,2360.752817
4.001742,2289.215788
4.005613,2318.98177
4.009484,2322.599735
4.013355,2315.50085
4.017226,2343.731938
4.021097,2298.589606
4.024968,2272.085273
4.028839,2303.934326
4.032,2328.602267
4.035871,2319.804035
4.039742,2320.187759
4.043613,2345.486102
4.047484,2333.453629
4.051355,2322.380464
4.055226,2370.619994
4.059097,2377.22552
4.062968,2357.792664
4.066839,2332.439503
4.071,2332.384685
4.074871,2388.682408
4.078742,2358.505294
4.082613,2306.264076
4.086484,2307.11375
4.090355,2333.097314
4.094226,2302.180162
4.098097,2308.922732
4.101968,2339.94952
4.105839,2318.51582
4.11,2284.172565
4.113871,2292.915979
4.117742,2314.651176
4.121613,2384.324405
4.125484,2380.980529
4.129355,2341.429597
4.133226,2355.271052
4.137097,2356.175544
4.140968,2357.436349
4.144839,2369.934773
4.148,2348.144758
4.151871,2343.403032
4.155742,2344.60902
4.159613,2320.489256
4.163484,2289.681738
4.167355,2298.617015
4.171226,2335.372247
4.175097,2322.764188
4.178968,2316.076435
4.182839,2326.656241
4.187,2347.486947
4.190871,2337.756814
4.194742,2333.974397
4.198613,2366.645714
4.202484,2349.323338
4.206355,2367.495388
4.210226,2399.947435
4.214097,2352.173855
4.217968,2347.569173
4.221839,2371.414849
4.226,2313.664459
4.229871,2345.924644
4.233742,2348.226985
4.237613,2279.485656
4.241484,2289.928418
4.245355,2348.5833
4.249226,2310.3754
4.253097,2316.076435
4.256968,2319.44772
4.260839,2306.40112
4.265,2334.248485
4.268871,2349.04925
4.272742,2364.946367
4.276613,2362.616617
4.280484,2364.918958
4.284355,2348.912205
4.288226,2364.699688
4.292097,2392.958185
4.295968,2353.708749
4.299839,2286.83122
4.303,2326.108064
4.306871,2345.266832
4.310742,2308.292329
4.314613,2323.147911
4.318484,2328.136317
4.322355,2303.468376
4.326226,2299.110373
4.330097,2306.099623
4.333968,2358.313432
4.337839,2342.005182
4.342,2337.4005
4.345871,2336.386373
4.349742,2381.062755
4.353613,2383.173235
4.357484,2366.673123
4.361355,2383.03619
4.365226,2351.378999
4.369097,2336.93455
4.372968,2327.314053
4.376839,2364.480417
4.381,2374.539455
4.384871,2285.351144
4.388742,2289.40765
4.392613,2317.419467
4.396484,2291.600356
4.400355,2353.92802
4.404226,2369.742911
4.408097,2296.61617
4.411968,2298.425153
4.415839,2350.584144
4.419,2403.07204
4.422871,2384.625902
4.426742,2346.418002
4.430613,2341.895547
4.434484,2350.584144
4.438355,2359.108288
4.442226,2359.163105
4.446097,2360.533547
4.449968,2356.915582
4.453839,2274.442432
4.458,2279.293794
4.461871,2377.499608
4.465742,2355.134008
4.469613,2304.784
4.473484,2281.294638
4.477355,2285.296326
4.481226,2360.670591
4.485097,2359.354967
4.488968,2366.563488
4.492839,2370.099226
4.497,2361.109132
4.500871,2311.444344
4.504742,2357.491167
4.508613,2387.284558
4.512484,2373.443102
4.516355,2368.098382
4.520226,2354.503605
4.524097,2301.933482
4.527968,2320.078123
4.531839,2343.156352
4.536,2358.450476
4.539871,2300.837129
4.543742,2271.345235
4.547613,2300.80972
4.551484,2382.241335
4.555355,2349.158885
4.559226,2310.3754
4.563097,2313.116282
4.566968,2352.53017
4.570839,2354.722876
4.574,2366.344217
4.577871,2420.010693
4.581742,2386.243023
4.585613,2348.035123
4.589484,2345.732782
4.593355,2351.461226
4.597226,2356.559267
4.601097,2334.001805
4.604968,2296.835441
4.608839,2321.256703
4.613,2305.496629
4.616871,2314.952673
4.620742,2352.53017
4.624613,2353.92802
4.628484,2331.8091
4.632355,2311.745841
4.636226,2361.355811
4.640097,2373.059379
4.643968,2390.052849
4.647839,2345.403876
4.652,2383.03619
4.655871,2391.121793
4.659742,2295.985767
4.663613,2353.681341
4.667484,2397.069508
4.671355,2329.534167
4.675226,2296.314673
4.679097,2316.405341
4.682968,2319.995897
4.686839,2348.391438
4.69,2336.030058
4.693871,2316.569794
4.697742,2306.592982
4.701613,2313.417779
4.705484,2342.087408
4.709355,2388.326093
4.713226,2381.309435
4.717097,2338.935394
4.720968,2358.724564
4.724839,2378.321873
4.729,2350.4471
4.732871,2380.158264
4.736742,2394.410852
4.740613,2350.392282
4.744484,2329.890482
4.748355,2346.308367
4.752226,2345.047561
4.756097,2280.719053
4.759968,2290.476594
4.763839,2336.578235
4.768,2352.146447
4.771871,2358.779382
4.775742,2326.080656
4.779613,2335.728561
4.783484,2339.510979
4.787355,2339.976929
4.791226,2371.497076
4.795097,2412.500676
4.798968,2358.532702
4.802839,2340.689558
4.806,2378.184829
4.809871,2394.410852
4.813742,2363.466291
4.817613,2338.277582
4.821484,2331.425376
4.825355,2335.701153
4.829226,2330.657929
4.833097,2337.86645
4.836968,2305.386994
4.840839,2334.330711
4.845,2327.752594
4.848871,2324.052403
4.852742,2352.146447
4.856613,2391.560335
4.860484,2351.050094
4.864355,2336.22192
4.868226,2324.162038
4.872097,2372.620838
4.875968,2364.864141
4.879839,2402.332002
4.884,2356.942991
4.887871,2319.995897
4.891742,2335.920423
4.895613,2371.031126
4.899484,2329.287488
4.903355,2332.878044
4.907226,2319.420311
4.911097,2293.930106
4.914968,2324.079811
4.918839,2375.635808
4.923,2319.886261
4.926871,2309.059776
4.930742,2335.975241
4.934613,2365.741223
4.938484,2378.595961
4.942355,2395.178299
4.946226,2351.625679
4.950097,2353.407252
4.953968,2394.054537
4.957839,2352.53017
4.961,2374.457229
4.964871,2379.911585
4.968742,2324.874667
4.972613,2334.221076
4.976484,2344.006026
4.980355,2331.315741
4.984226,2337.537544
4.988097,2305.277359
4.991968,2299.384462
4.995839,2366.453852
5,2359.98537
5.003871,2328.245953
5.007742,2322.435282
5.011613,2379.007093
5.015484,2388.189049
5.019355,2359.464602
5.023226,2383.831046
5.027097,2381.144982
5.030968,2340.004338
5.034839,2382.186517
5.039,2385.941526
5.042871,2345.705373
5.046742,2327.725185
5.050613,2308.26492
5.054484,2340.991055
5.058355,2317.638738
5.062226,2290.668456
5.066097,2334.659617
5.069968,2344.033435
5.073839,2291.819626
5.077,2349.597426
5.080871,2363.466291
5.084742,2356.668902
5.088613,2362.616617
5.092484,2384.762946
5.096355,2396.055382
5.100226,2373.634964
5.104097,2366.563488
5.107968,2345.294241
5.111839,2361.520264
5.116,2366.015311
5.119871,2312.759967
5.123742,2322.188603
5.127613,2325.779158
5.131484,2332.192823
5.135355,2321.941923
5.139226,2357.518576
5.143097,2350.501917
5.146968,2331.754282
5.150839,2329.260079
5.155,2344.14307
5.158871,2379.445635
5.162742,2412.802173
5.166613,2345.32165
5.170484,2341.676276
5.174355,2364.398191
5.178226,2322.325647
5.182097,2354.119882
5.185968,2402.14014
5.189839,2386.407476
5.194,2307.79897
5.197871,2293.738244
5.201742,2352.886485
5.205613,2322.873823
5.209484,2321.77747
5.213355,2345.705373
5.217226,2304.290641
5.221097,2348.912205
5.224968,2378.349282
5.228839,2326.875511
5.232,2349.597426
5.235871,2390.765479
5.239742,2327.533323
5.243613,2368.153199
5.247484,2415.214149
5.251355,2372.977152
5.255226,2340.552514
5.259097,2368.619149
5.262968,2351.351591
5.266839,2328.574858
5.271,2316.953517
5.274871,2319.338085
5.278742,2335.509291
5.282613,2330.383841
5.286484,2324.902076
5.290355,2369.194735
5.294226,2347.623991
5.298097,2270.084429
5.301968,2313.061464
5.305839,2376.951432
5.31,2372.867517
5.313871,2370.318496
5.317742,2347.623991
5.321613,2334.029214
5.325484,2368.865829
5.329355,2388.380911
5.333226,2365.741223
5.337097,2393.040411
5.340968,2313.253326
5.344839,2282.034676
5.348,2354.202108
5.351871,2382.899146
5.355742,2390.929932
5.359613,2338.853167
5.363484,2294.012332
5.367355,2338.880576
5.371226,2367.824294
5.375097,2371.469667
5.378968,2372.511202
5.382839,2373.251241
5.387,2342.662994
5.390871,2338.853167
5.394742,2391.42329
5.398613,2400.331158
5.402484,2323.312364
5.406355,2343.348214
5.410226,2395.260526
5.414097,2346.445411
5.417968,2355.134008
5.421839,2377.69147
5.426,2280.746462
5.429871,2291.353676
5.433742,2345.842417
5.437613,2333.919579
5.441484,2352.694623
5.445355,2356.230361
5.449226,2316.43275
5.453097,2356.312588
5.456968,2383.50214
5.460839,2349.871514
5.464,2387.366785
5.467871,2384.296996
5.471742,2369.139917
5.475613,2382.81692
5.479484,2364.864141
5.483355,2350.474508
5.487226,2354.613241
5.491097,2371.442258
5.494968,2333.481038
5.498839,2305.989988
5.503,2347.6514
5.506871,2335.509291
5.510742,2320.461847
5.514613,2328.602267
5.518484,2378.267055
5.522355,2381.282026
5.526226,2338.08572
5.530097,2328.492632
5.533968,2366.453852
5.537839,2378.431508
5.542,2343.704529
5.545871,2371.661529
5.549742,2398.001408
5.553613,2348.035123
5.557484,2310.676897
5.561355,2355.682185
5.565226,2371.113352
5.569097,2352.941302
5.572968,2335.344838
5.576839,2336.496008
5.581,2361.931396
5.584871,2364.425599
5.588742,2315.117126
5.592613,2337.482726
5.596484,2406.717414
5.600355,2330.767564
5.604226,2300.398588
5.608097,2363.274429
5.611968,2356.120726
5.615839,2340.552514
5.619,2397.919182
5.622871,2400.769699
5.626742,2326.272517
5.630613,2347.267676
5.634484,2355.134008
5.638355,2347.103223
5.642226,2334.632208
5.646097,2330.740156
5.649968,2349.816697
5.653839,2400.98897
5.658,2346.527638
5.661871,2312.814785
5.665742,2363.274429
5.669613,2353.763567
5.673484,2329.150444
5.677355,2386.051161
5.681226,2398.056226
5.685097,2348.007714
5.688968,2327.012556
5.692839,2356.860764
5.697,2392.711505
5.700871,2374.073505
5.704742,2338.55167
5.708613,2345.705373
5.712484,2367.796885
5.716355,2350.638961
5.720226,2320.708526
5.724097,2338.058311
5.727968,2378.376691
5.731839,2323.778314
5.735,2329.068217
5.738871,2362.808479
5.742742,2380.130855
5.746613,2350.693779
5.750484,2357.025217
5.754355,2365.302682
5.758226,2374.621682
5.762097,2353.516888
5.765968,2349.158885
5.769839,2362.945523
5.774,2349.131476
5.777871,2334.659617
5.781742,2376.046941
5.785613,2365.247864
5.789484,2322.846414
5.793355,2350.940458
5.797226,2357.162261
5.801097,2300.069682
5.804968,2332.165414
5.808839,2363.630744
5.813,2373.251241
5.816871,2342.9919
5.820742,2287.982391
5.824613,2346.527638
5.828484,2425.930999
5.832355,2364.617461
5.836226,2327.588141
5.840097,2380.267899
5.843968,2371.825982
5.847839,2344.526794
5.852,2361.931396
5.855871,2356.038499
5.859742,2357.573394
5.863613,2328.54745
5.867484,2308.5116
5.871355,2358.779382
5.875226,2407.868584
5.879097,2313.500006
5.882968,2316.021617
5.886839,2403.866896
5.89,2383.03619
5.893871,2352.776849
5.897742,2366.453852
5.901613,2356.093317
5.905484,2331.233514
5.909355,2345.842417
5.913226,2353.92802
5.917097,2393.725632
5.920968,2350.803414
5.924839,2332.302458
5.929,2392.656687
5.932871,2365.083411
5.936742,2305.852944
5.940613,2365.57677
5.944484,2306.949297
5.948355,2336.715279
5.952226,2398.87849
5.956097,2366.700532
5.959968,2360.643182
5.963839,2386.900835
5.968,2352.859076
5.971871,2326.464379
5.975742,2366.673123
5.979613,2379.253773
5.983484,2374.237958
5.987355,2426.890308
5.991226,2335.893014
5.995097,2292.915979
5.998968,2363.521108
6.002839,2387.777917
6.006,2339.045029
6.009871,2360.752817
6.013742,2327.533323
6.017613,2320.516664
6.021484,2364.17892
6.025355,2362.150667
6.029226,2363.877423
6.033097,2340.579923
6.036968,2325.50507
6.040839,2335.07075
6.045,2392.519643
6.048871,2380.706441
6.052742,2364.014467
6.056613,2382.460605
6.060484,2332.603955
6.064355,2358.642338
6.068226,2381.336843
6.072097,2332.357276
6.075968,2336.824914
6.079839,2372.922335
6.084,2349.213702
6.087871,2339.373935
6.091742,2367.221299
6.095613,2344.006026
6.099484,2327.231826
6.103355,2327.478506
6.107226,2358.998652
6.111097,2408.553805
6.114968,2393.890085
6.118839,2346.034279
6.123,2370.619994
6.126871,2406.690005
6.130742,2365.823449
6.134613,2373.333467
6.138484,2395.013846
6.142355,2349.707061
6.146226,2340.634741
6.150097,2366.810167
6.153968,2345.568329
6.157839,2330.740156
6.161,2330.712747
6.164871,2324.134629
6.168742,2329.808256
6.172613,2339.401344
6.176484,2316.816473
6.180355,2352.804258
6.184226,2389.778761
6.188097,2375.690626
6.191968,2368.619149
6.195839,2393.204864
6.2,2388.764635
6.203871,2377.280338
6.207742,2398.604402
6.211613,2361.300994
6.215484,2354.668058
6.219355,2396.466514
6.223226,2342.142226
6.227097,2315.829756
6.230968,2341.073282
6.234839,2363.71297
6.239,2316.377932
6.242871,2327.122191
6.246742,2316.487567
6.250613,2346.829135
6.254484,2402.743134
6.258355,2352.256082
6.262226,2294.039741
6.266097,2371.305214
6.269968,2388.983905
6.273839,2380.404943
6.277,2405.237337
6.280871,2417.98244
6.284742,2343.45785
6.288613,2368.975464
6.292484,2363.356655
6.296355,2351.625679
6.300226,2374.594273
6.304097,2346.308367
6.307968,2310.073903
6.311839,2331.891326
6.316,2330.000117
6.319871,2356.394814
6.323742,2377.69147
6.327613,2337.564953
6.331484,2364.124102
6.335355,2380.980529
6.339226,2365.439726
6.343097,2358.58752
6.346968,2381.062755
6.350839,2376.430664
6.355,2382.953964
6.358871,2410.06129
6.362742,2355.956273
6.366613,2342.635585
6.370484,2374.758726
6.374355,2356.72372
6.378226,2336.660461
6.382097,2317.255014
6.385968,2332.02837
6.389839,2347.130632
6.393,2321.119658
6.396871,2353.379844
6.400742,2367.988746
6.404613,2355.106599
6.408484,2368.399879
6.412355,2368.783602
6.416226,2345.376467
6.420097,2400.769699
6.423968,2389.038723
6.427839,2343.841573
6.432,2387.805326
6.435871,2412.555493
6.439742,2391.286246
6.443613,2360.725408
6.447484,2343.046717
6.451355,2334.961114
6.455226,2345.952052
6.459097,2356.72372
6.462968,2379.527861
6.466839,2356.230361
6.471,2328.30077
6.474871,2299.220009
6.478742,2348.912205
6.482613,2378.321873
6.486484,2374.155732
6.490355,2345.458694
6.494226,2351.981994
6.498097,2369.139917
6.501968,2384.516267
6.505839,2394.68494
6.51,2372.264523
6.513871,2358.286023
6.517742,2362.287711
6.521613,2377.280338
6.525484,2378.404099
6.529355,2349.98115
6.533226,2346.7195
6.537097,2316.213479
6.540968,2347.048405
6.544839,2359.464602
6.548,2361.903988
6.551871,2344.115661
6.555742,2330.274206
6.559613,2346.089097
6.563484,2371.305214
6.567355,2394.849393
6.571226,2392.492235
6.575097,2373.49792
6.578968,2361.355811
6.582839,2352.256082
6.587,2386.54452
6.590871,2365.713814
6.594742,2345.897235
6.598613,2345.760191
6.602484,2341.676276
6.606355,2354.256926
6.610226,2384.927399
6.614097,2362.342529
6.617968,2358.779382
6.621839,2332.357276
6.626,2381.254617
6.629871,2411.70582
6.633742,2372.675655
6.637613,2351.981994
6.641484,2375.526173
6.645355,2375.745443
6.649226,2359.354967
6.653097,2389.888396
6.656968,2388.16164
6.660839,2360.972088
6.664,2344.252705
6.667871,2338.79835
6.671742,2359.190514
6.675613,2359.766099
6.679484,2377.883332
6.683355,2340.086564
6.687226,2336.523417
6.691097,2363.877423
6.694968,2363.630744
6.698839,2376.924023
6.703,2356.25777
6.706871,2365.056002
6.710742,2366.837576
6.714613,2398.714037
6.718484,2384.982217
6.722355,2371.606711
6.726226,2337.647179
6.730097,2382.734693
6.733968,2381.391661
6.737839,2377.636652
6.742,2359.026061
6.745871,2355.106599
6.749742,2351.214547
6.753613,2353.105755
6.757484,2366.810167
6.761355,2346.883952
6.765226,2348.226985
6.769097,2345.184605
6.772968,2383.694002
6.776839,2359.793508
6.781,2349.432973
6.784871,2349.816697
6.788742,2344.006026
6.792613,2381.967246
6.796484,2389.696535
6.800355,2392.492235
6.804226,2394.410852
6.808097,2351.406408
6.811968,2306.6478
6.815839,2384.872582
6.819,2408.033037
6.822871,2346.746908
6.826742,2337.4005
6.830613,2340.552514
6.834484,2331.09647
6.838355,2344.828291
6.842226,2376.29362
6.846097,2358.971244
6.849968,2361.410629
6.853839,2410.582058
6.858,2354.476197
6.861871,2370.592585
6.865742,2373.854235
6.869613,2369.907364
6.873484,2388.243867
6.877355,2403.866896
6.881226,2364.617461
6.885097,2354.147291
6.888968,2365.987902
6.892839,2347.377311
6.897,2340.826603
6.900871,2372.977152
6.904742,2363.082567
6.908613,2318.104688
6.912484,2330.000117
6.916355,2359.272741
6.920226,2342.06
6.924097,2359.108288
6.927968,2384.516267
6.931839,2370.400723
6.935,2364.507826
6.938871,2368.811011
6.942742,2375.443946
6.946613,2385.119261
6.950484,2379.527861
6.954355,2374.347593
6.958226,2365.658996
6.962097,2362.644026
6.965968,2367.029438
6.969839,2367.467979
6.974,2365.138229
6.977871,2362.013623
6.981742,2315.939391
6.985613,2336.578235
6.989484,2385.420758
6.993355,2362.835888
6.997226,2368.756194
7.001097,2406.032193
7.004968,2366.727941
7.008839,2322.627144
7.013,2390.601026
7.016871,2390.628435
7.020742,2389.230585
7.024613,2415.18674
7.028484,2353.599114
7.032355,2330.822382
7.036226,2359.711282
7.040097,2354.695467
7.043968,2363.082567
7.047839,2369.30437
7.051,2332.220232
7.054871,2361.876579
7.058742,2397.919182
7.062613,2375.197267
7.066484,2334.796661
7.070355,2359.574238
7.074226,2376.129167
7.078097,2385.914117
7.081968,2356.833355
7.085839,2389.257993
7.09,2393.75304
7.093871,2397.672502
7.097742,2372.730473
7.101613,2375.334311
7.105484,2397.371005
7.109355,2368.756194
7.113226,2340.66215
7.117097,2350.145602
7.120968,2366.344217
7.124839,2339.291708
7.129,2329.588985
7.132871,2353.653932
7.136742,2380.651623
7.140613,2356.148135
7.144484,2322.462691
7.148355,2360.889861
7.152226,2406.827049
7.156097,2370.729629
7.159968,2388.326093
7.163839,2404.113576
7.168,2389.257993
7.171871,2357.683029
7.175742,2382.515423
7.179613,2384.735538
7.183484,2355.051782
7.187355,2353.900611
7.191226,2359.848326
7.195097,2339.620614
7.198968,2368.290244
7.202839,2382.159108
7.206,2369.715502
7.209871,2340.442879
7.213742,2353.681341
7.217613,2363.795196
7.221484,2385.064443
7.225355,2397.206552
7.229226,2402.38682
7.233097,2375.36172
7.236968,2336.057467
7.240839,2375.909896
7.245,2417.598717
7.248871,2393.807858
7.252742,2362.616617
7.256613,2354.448788
7.260484,2345.458694
7.264355,2347.596582
7.268226,2354.421379
7.272097,2345.7876
7.275968,2371.963026
7.279839,2384.296996
7.284,2348.364029
7.287871,2351.735314
7.291742,2394.301217
7.295613,2394.657532
7.299484,2393.28709
7.303355,2377.746288
7.307226,2360.670591
7.311097,2344.773473
7.314968,2389.641717
7.318839,2400.660064
7.322,2386.407476
7.325871,2348.418847
7.329742,2341.539232
7.333613,2349.789288
7.337484,2355.956273
7.341355,2327.36887
7.345226,2378.047785
7.349097,2414.309658
7.352968,2371.963026
7.356839,2356.394814
7.361,2381.364252
7.364871,2368.564332
7.368742,2344.252705
7.372613,2387.723099
7.376484,2427.602937
7.380355,2367.687249
7.384226,2349.213702
7.388097,2392.656687
7.391968,2395.15089
7.395839,2359.820917
7.4,2363.109976
7.403871,2380.651623
7.407742,2354.448788
7.411613,2374.100914
7.415484,2362.041032
7.419355,2357.765255
7.423226,2370.537767
7.427097,2357.408941
7.430968,2367.467979
7.434839,2393.506361
7.439,2388.052005
7.442871,2330.603111
7.446742,2358.560111
7.450613,2390.02544
7.454484,2393.53377
7.458355,2380.350126
7.462226,2391.88924
7.466097,2399.015535
7.469968,2380.350126
7.473839,2383.776229
7.477,2373.96387
7.480871,2384.296996
7.484742,2427.76739
7.488613,2388.463138
7.492484,2334.001805
7.496355,2328.739311
7.500226,2368.345061
7.504097,2370.126635
7.507968,2365.878267
7.511839,2366.399035
7.516,2363.329246
7.519871,2351.050094
7.523742,2369.194735
7.527613,2400.385976
7.531484,2391.560335
7.535355,2386.955652
7.539226,2350.20042
7.543097,2367.879111
7.546968,2395.39757
7.550839,2395.342752
7.555,2363.959649
7.558871,2361.300994
7.562742,2329.23267
7.566613,2356.367405
7.570484,2389.55949
7.574355,2361.246176
7.578226,2331.946144
7.582097,2340.908829
7.585968,2397.782137
7.589839,2393.835267
7.593,2396.466514
7.596871,2386.051161
7.600742,2366.261991
7.604613,2351.461226
7.608484,2394.246399
7.612355,2404.00394
7.616226,2394.301217
7.620097,2374.731317
7.623968,2353.653932
7.627839,2343.156352
7.632,2383.940682
7.635871,2374.265367
7.639742,2356.860764
7.643613,2354.558423
7.647484,2361.026905
7.651355,2371.63412
7.655226,2330.685338
7.659097,2362.972932
7.662968,2374.265367
7.666839,2369.989591
7.671,2352.722032
7.674871,2396.274652
7.678742,2375.142449
7.682613,2376.814388
7.686484,2387.22974
7.690355,2403.949123
7.694226,2368.893238
7.698097,2353.078347
7.701968,2358.313432
7.705839,2404.140984
7.709,2379.445635
7.712871,2370.099226
7.716742,2373.717191
7.720613,2371.579302
7.724484,2351.241955
7.728355,2376.101758
7.732226,2395.178299
7.736097,2360.972088
7.739968,2323.339773
7.743839,2336.413782
7.748,2413.78889
7.751871,2397.864364
7.755742,2350.501917
7.759613,2386.846017
7.763484,2369.249552
7.767355,2388.079414
7.771226,2375.608399
7.775097,2393.99972
7.778968,2404.881023
7.782839,2372.785291
7.787,2302.755747
7.790871,2379.116729
7.794742,2408.389352
7.798613,2356.148135
7.802484,2353.873202
7.806355,2384.296996
7.810226,2386.900835
7.814097,2366.837576
7.817968,2400.139296
7.821839,2406.004784
7.826,2368.865829
7.829871,2357.491167
7.833742,2374.018688
7.837613,2402.167549
7.841484,2385.174079
7.845355,2374.840952
7.849226,2398.851082
7.853097,2393.944902
7.856968,2347.6514
7.860839,2316.871291
7.864,2381.610932
7.867871,2385.804482
7.871742,2372.922335
7.875613,2375.032814
7.879484,2366.563488
7.883355,2346.527638
7.887226,2371.990435
7.891097,2403.428355
7.894968,2388.846861
7.898839,2393.314499
7.903,2365.165638
7.906871,2347.212858
7.910742,2400.605246
7.914613,2436.593031
7.918484,2382.542832
7.922355,2341.731094
7.926226,2329.23267
7.930097,2338.058311
7.933968,2389.915805
7.937839,2402.688317
7.942,2370.428132
7.945871,2327.204417
7.949742,2355.408097
7.953613,2389.175767
7.957484,2392.738914
7.961355,2366.645714
7.965226,2349.213702
7.969097,2375.032814
7.972968,2376.348438
7.976839,2385.694846
7.98,2399.728164
7.983871,2408.636032
7.987742,2386.626746
7.991613,2369.167326
7.995484,2393.972311
7.999355,2419.051384
8.003226,2353.626523
8.007097,2319.584764
8.010968,2372.374158
8.014839,2406.004784
8.019,2389.614308
8.022871,2372.182296
8.026742,2365.549361
8.030613,2395.918337
8.034484,2356.942991
8.038355,2344.170479
8.042226,2417.51649
8.046097,2430.069731
8.049968,2383.885864
8.053839,2364.206329
8.058,2363.466291
8.061871,2370.619994
8.065742,2359.492011
8.069613,2376.348438
8.073484,2402.797952
8.077355,2403.921714
8.081226,2337.071594
8.085097,2326.848103
8.088968,2431.549808
8.092839,2399.34444
8.097,2336.413782
8.100871,2350.035967
8.104742,2393.643405
8.108613,2358.039344
8.112484,2348.967023
8.116355,2417.626126
8.120226,2420.038102
8.124097,2350.611552
8.127968,2336.989367
8.131839,2410.472423
8.135,2424.450923
8.138871,2377.609243
8.142742,2380.870893
8.146613,2410.52724
8.150484,2347.6514
8.154355,2331.8091
8.158226,2395.096073
8.162097,2451.53084
8.165968,2365.905676
8.169839,2312.677741
8.174,2361.575082
8.177871,2433.084702
8.181742,2393.53377
8.185613,2368.536923
8.189484,2382.35097
8.193355,2389.751352
8.197226,2368.701376
8.201097,2364.17892
8.204968,2387.065288
8.208839,2379.829358
8.213,2346.993588
8.216871,2380.541988
8.220742,2404.634343
8.224613,2389.723943
8.228484,2383.666593
8.232355,2388.572773
8.236226,2389.230585
8.240097,2362.178076
8.243968,2354.037655
8.247839,2399.454076
8.251,2371.853391
8.254871,2352.201264
8.258742,2414.25484
8.262613,2431.74167
8.266484,2379.664905
8.270355,2370.181452
8.274226,2400.797108
8.278097,2390.381755
8.281968,2352.886485
8.285839,2373.470511
8.29,2399.536302
8.293871,2400.111887
8.297742,2358.697155
8.301613,2354.777694
8.305484,2407.923402
8.309355,2398.796264
8.313226,2326.43697
8.317097,2377.252929
8.320968,2431.056449
8.324839,2375.855079
8.329,2385.941526
8.332871,2417.900214
8.336742,2407.786358
8.340613,2386.407476
8.344484,2389.449855
8.348355,2365.960494
8.352226,2411.102826
8.356097,2373.772008
8.359968,2346.418002
8.363839,2406.552961
8.368,2382.460605
8.371871,2367.851702
8.375742,2375.580991
8.379613,2375.306902
8.383484,2371.963026
8.387355,2372.209705
8.391226,2374.89577
8.395097,2423.025664
8.398968,2380.02122
8.402839,2380.624214
8.406,2400.495611
8.409871,2410.390196
8.413742,2370.921491
8.417613,2382.981373
8.421484,2384.077726
8.425355,2375.279493
8.429226,2338.414626
8.433097,2368.811011
8.436968,2398.933308
8.440839,2352.393126
8.445,2376.677343
8.448871,2382.323561
8.452742,2396.54874
8.456613,2399.426667
8.460484,2364.507826
8.464355,2362.698844
8.468226,2378.595961
8.472097,2371.743755
8.475968,2406.58037
8.479839,2411.157643
8.484,2386.462293
8.487871,2387.421602
8.491742,2360.588364
8.495613,2367.330935
8.499484,2418.256529
8.503355,2404.798796
8.507226,2373.552738
8.511097,2402.222367
8.514968,2378.760414
8.518839,2360.862452
8.522,2375.553582
8.525871,2425.711728
8.529742,2399.755573
8.533613,2367.166482
8.537484,2334.741844
8.541355,2388.40832
8.545226,2410.445014
8.549097,2378.294464
8.552968,2357.162261
8.556839,2382.296152
8.561,2383.337688
8.564871,2369.742911
8.568742,2414.145205
8.572613,2405.703287
8.576484,2372.346749
8.580355,2394.027129
8.584226,2391.121793
8.588097,2345.403876
8.591968,2385.475576
8.595839,2389.641717
8.6,2370.455541
8.603871,2363.219611
8.607742,2380.95312
8.611613,2366.645714
8.615484,2407.073729
8.619355,2389.230585
8.623226,2364.398191
8.627097,2412.034726
8.630968,2400.385976
8.634839,2366.673123
8.638,2382.542832
8.641871,2422.121173
8.645742,2393.451543
8.649613,2365.138229
8.653484,2365.713814
8.657355,2378.870049
8.661226,2356.449632
8.665097,2362.452164
8.668968,2393.944902
8.672839,2400.468202
8.677,2383.28287
8.680871,2356.449632
8.684742,2373.415693
8.688613,2401.92087
8.692484,2379.637496
8.696355,2369.77032
8.700226,2405.785514
8.704097,2397.919182
8.707968,2353.078347
8.711839,2377.938149
8.716,2431.056449
8.719871,2404.71657
8.723742,2355.819229
8.727613,2419.572152
8.731484,2387.805326
8.735355,2362.589208
8.739226,2398.439949
8.743097,2410.746511
8.746968,2400.797108
8.750839,2361.492855
8.755,2347.706217
8.758871,2389.614308
8.762742,2406.415917
8.766613,2387.147514
8.770484,2370.071817
8.774355,2403.647626
8.778226,2375.060223
8.782097,2357.491167
8.785968,2377.170702
8.789839,2406.470734
8.793,2414.364476
8.796871,2397.233961
8.800742,2392.519643
8.804613,2396.055382
8.808484,2399.207396
8.812355,2379.55527
8.816226,2389.066132
8.820097,2368.454696
8.823968,2403.236493
8.827839,2373.251241
8.832,2371.63412
8.835871,2416.420137
8.839742,2373.169014
8.843613,2384.625902
8.847484,2406.827049
8.851355,2422.203399
8.855226,2375.471355
8.859097,2366.837576
8.862968,2404.771387
8.866839,2389.696535
8.871,2402.38682
8.874871,2383.145826
8.878742,2369.030282
8.882613,2374.539455
8.886484,2378.376691
8.890355,2343.512667
8.894226,2352.310899
8.898097,2427.383667
8.901968,2403.921714
8.905839,2345.020152
8.909,2386.462293
8.912871,2433.961784
8.916742,2405.703287
8.920613,2384.708129
8.924484,2410.445014
8.928355,2399.34444
8.932226,2389.285402
8.936097,2379.774541
8.939968,2389.80617
8.943839,2411.048008
8.948,2359.574238
8.951871,2343.128944
8.955742,2377.335155
8.959613,2423.628658
8.963484,2397.425823
8.967355,2348.994432
8.971226,2347.925488
8.975097,2387.257149
8.978968,2404.908432
8.982839,2405.072884
8.987,2427.274031
8.990871,2396.987282
8.994742,2355.545141
8.998613,2383.255461
9.002484,2419.270655
9.006355,2421.189273
9.010226,2382.405788
9.014097,2400.029661
9.017968,2385.36594
9.021839,2371.387441
9.026,2411.733229
9.029871,2436.181899
9.033742,2363.904832
9.037613,2340.1962
9.041484,2370.400723
9.045355,2411.23987
9.049226,2398.275496
9.053097,2387.092696
9.056968,2373.580146
9.060839,2381.282026
9.064,2379.747132
9.067871,2384.43404
9.071742,2406.361099
9.075613,2419.901058
9.079484,2412.253996
9.083355,2390.95734
9.087226,2400.495611
9.091097,2386.626746
9.094968,2415.159331
9.098839,2422.148581
9.103,2403.07204
9.106871,2367.084255
9.110742,2391.368473
9.114613,2425.574684
9.118484,2401.153423
9.122355,2364.261146
9.126226,2360.725408
9.130097,2366.289399
9.133968,2388.243867
9.137839,2383.392505
9.142,2401.537146
9.145871,2406.141829
9.149742,2348.281802
9.153613,2354.119882
9.157484,2427.164396
9.161355,2450.818211
9.165226,2394.356035
9.169097,2407.347817
9.172968,2383.337688
9.176839,2356.312588
9.18,2408.19749
9.183871,2441.882934
9.187742,2392.519643
9.191613,2353.078347
9.195484,2379.911585
9.199355,2405.100293
9.203226,2397.672502
9.207097,2369.276961
9.210968,2366.700532
9.214839,2393.259682
9.219,2418.393573
9.222871,2392.190737
9.226742,2396.959873
9.230613,2401.345285
9.234484,2401.619373
9.238355,2364.64487
9.242226,2383.666593
9.246097,2425.245778
9.249968,2385.914117
9.253839,2389.449855
9.258,2446.706887
9.261871,2425.465049
9.265742,2356.148135
9.269613,2373.49792
9.273484,2397.836955
9.277355,2426.945126
9.281226,2409.211617
9.285097,2376.677343
9.288968,2374.100914
9.292839,2356.065908
9.296,2366.837576
9.299871,2420.586279
9.303742,2439.032417
9.307613,2352.201264
9.311484,2346.47282
9.315355,2431.522399
9.319226,2411.102826
9.323097,2387.339376
9.326968,2433.523243
9.330839,2403.565399
9.335,2355.161417
9.338871,2403.044632
9.342742,2403.702443
9.346613,2383.611776
9.350484,2427.849617
9.354355,2399.837799
9.358226,2376.238802
9.362097,2401.783826
9.365968,2394.575305
9.369839,2371.387441
9.374,2410.30797
9.377871,2402.60609
9.381742,2376.074349
9.385613,2384.406632
9.389484,2418.311346
9.393355,2408.252308
9.397226,2354.531014
9.401097,2397.836955
9.404968,2408.690849
9.408839,2368.865829
9.413,2385.585211
9.416871,2426.451767
9.420742,2379.390817
9.424613,2369.222144
9.428484,2416.995723
9.432355,2417.160176
9.436226,2404.387664
9.440097,2425.930999
9.443968,2406.607779
9.447839,2393.28709
9.451,2382.296152
9.454871,2373.169014
9.458742,2401.317876
9.462613,2422.806393
9.466484,2343.67712
9.470355,2374.100914
9.474226,2426.83549
9.478097,2445.93944
9.481968,2399.34444
9.485839,2387.969779
9.49,2412.610311
9.493871,2397.782137
9.497742,2402.14014
9.501613,2419.873649
9.505484,2401.591964
9.509355,2425.081326
9.513226,2416.639408
9.517097,2371.387441
9.520968,2403.373537
9.524839,2447.693605
9.529,2373.059379
9.532871,2363.740379
9.536742,2405.40179
9.540613,2381.172391
9.544484,2381.802793
9.548355,2397.891773
9.552226,2416.968314
9.556097,2405.895149
9.559968,2388.380911
9.563839,2382.515423
9.567,2406.443326
9.570871,2406.224055
9.574742,2380.377535
9.578613,2397.864364
9.582484,2402.825361
9.586355,2410.280561
9.590226,2427.054761
9.594097,2390.326938
9.597968,2391.42329
9.601839,2398.138452
9.606,2395.287935
9.609871,2417.735761
9.613742,2419.023976
9.617613,2369.578458
9.621484,2404.881023
9.625355,2391.176611
9.629226,2365.330091
9.633097,2410.52724
9.636968,2413.268123
9.640839,2375.909896
9.645,2383.50214
9.648871,2412.665129
9.652742,2423.656067
9.656613,2404.552117
9.660484,2423.519023
9.664355,2399.673346
9.668226,2406.909276
9.672097,2406.33369
9.675968,2391.313655
9.679839,2407.51227
9.684,2393.204864
9.687871,2382.734693
9.691742,2408.471579
9.695613,2419.243246
9.699484,2380.980529
9.703355,2363.521108
9.707226,2398.275496
9.711097,2441.334758
9.714968,2386.681564
9.718839,2414.803017
9.722,2445.912031
9.725871,2421.298908
9.729742,2377.170702
9.733613,2413.131079
9.737484,2419.791423
9.741355,2386.626746
9.745226,2402.167549
9.749097,2416.721634
9.752968,2418.420981
9.756839,2404.415073
9.761,2373.772008
9.764871,2398.19327
9.768742,2414.693381
9.772613,2385.283714
9.776484,2409.074573
9.780355,2415.049696
9.784226,2382.35097
9.788097,2403.209084
9.791968,2389.285402
9.795839,2383.419914
9.8,2441.444393
9.803871,2430.426046
9.807742,2394.547896
9.811613,2440.320631
9.815484,2385.968935
9.819355,2357.929708
9.823226,2458.903814
9.827097,2437.579749
9.830968,2356.559267
9.834839,2451.448614
9.838,2407.073729
9.841871,2331.397967
9.845742,2438.456831
9.849613,2443.335602
9.853484,2359.05347
9.857355,2395.945746
9.861226,2421.134455
9.865097,2375.772852
9.868968,2380.816076
9.872839,2427.164396
9.877,2396.713193
9.880871,2392.163329
9.884742,2392.903367
9.888613,2383.940682
9.892484,2397.151735
9.896355,2429.905278
9.900226,2393.478952
9.904097,2391.039567
9.907968,2460.959475
9.911839,2397.590276
9.916,2353.105755
9.919871,2456.080705
9.923742,2448.324008
9.927613,2346.418002
9.931484,2386.325249
9.935355,2430.645317
9.939226,2358.066752
9.943097,2438.95019
9.946968,2449.557405
9.950839,2366.563488
9.954,2429.192649
9.957871,2424.231652
9.961742,2337.647179
9.965613,2410.856146
9.969484,2450.37967
9.973355,2391.724788
9.977226,2407.539679
9.981097,2429.028196
9.984968,2364.64487
9.988839,2393.807858
9.993,2474.883158
9.996871,2414.693381
10.000742,2363.137385
10.004613,2378.924867
10.008484,2437.168617
10.012355,2403.181676
10.016226,2387.613464
10.020097,2409.869429
10.023968,2446.076484
10.027839,2381.802793
10.032,2371.825982
10.035871,2438.813146
10.039742,2395.973155
10.043613,2393.232273
10.047484,2432.865431
10.051355,2415.871961
10.055226,2414.172614
10.059097,2384.324405
10.062968,2359.464602
10.066839,2418.886931
10.071,2462.275099
10.074871,2377.335155
10.078742,2384.982217
10.082613,2442.979287
10.086484,2389.778761
10.090355,2381.830202
10.094226,2378.650779
10.098097,2351.927176
10.101968,2269.974794
10.105839,2268.686579
10.109,2286.858629
10.112871,2183.225868
10.116742,2002.793584
10.120613,1802.901035
10.124484,1590.126339
10.128355,1374.610761
10.132226,1225.3149
10.136097,1144.568506
10.139968,1042.278778
10.143839,918.0619901
10.148,819.0887289
10.151871,791.0220938
10.155742,760.0501234
10.159613,683.6891415
10.163484,671.8485298
10.167355,682.5105621
10.171226,636.3815124
10.175097,608.3148772
10.178968,615.0026301
10.182839,612.7551066
10.187,583.3454391
10.190871,585.0996038
10.194742,583.208395
10.198613,592.7740744
10.202484,575.3420627
10.206355,527.5136659
10.210226,489.9361691
10.214097,468.8039663
10.217968,444.9034723
10.221839,414.4796783
10.225,414.2604078
10.228871,356.7566963
10.232742,376.819955
10.236613,363.2799963
10.240484,296.1009702
10.244355,311.1210054
10.248226,388.6057491
10.252097,402.4197961
10.255968,419.6873548
10.259839,429.3900783
10.264,457.8404369
10.267871,426.6491959
10.271742,393.9778785
10.275613,390.0584167
10.279484,408.2852843
10.283355,398.8840578
10.287226,406.3940755
10.291097,452.3586722
10.294968,443.1218988
10.298839,382.5483991
10.303,320.6318671
10.306871,333.9799641
10.310742,380.9312785
10.314613,362.1288257
10.318484,361.2243345
10.322355,372.324908
10.326226,349.7400375
10.330097,360.8954287
10.333968,389.7569197
10.337839,414.068546
10.342,436.2148753
10.345871,382.9047138
10.349742,398.555152
10.353613,446.7946811
10.357484,401.1315814
10.361355,369.1728933
10.365226,405.845899
10.369097,401.1041725
10.372968,391.0451344
10.376839,371.8041404
10.38,343.6004611
10.383871,339.8454523
10.387742,331.3487171
10.391613,309.6135201
10.395484,344.4775435
10.399355,367.1172316
10.403226,356.7841052
10.407097,327.6211171
10.410968,354.5365816
10.414839,421.9622871
10.419,377.8888991
10.422871,424.4016724
10.426742,432.9532253
10.430613,419.4132666
10.434484,405.0236343
10.438355,407.7919254
10.442226,353.9609963
10.446097,329.2108288
10.449968,313.8892966
10.453839,257.1256234
10.458,348.1503258
10.461871,380.0541962
10.465742,319.5355142
10.469613,305.4747878
10.473484,352.3712846
10.477355,348.6162758
10.481226,363.5266757
10.485097,407.0518872
10.488968,454.2224722
10.492839,409.874996
10.496,405.7362637
10.499871,406.3392578
10.503742,445.8627811
10.507613,390.1406432
10.511484,395.8964961
10.515355,385.508552
10.519226,376.4636403
10.523097,382.6580344
10.526968,395.2386843
10.530839,377.3955403
10.535,388.6057491
10.538871,357.3322816
10.542742,357.4145081
10.546613,433.0080429
10.550484,388.0849814
10.554355,415.932346
10.558226,485.3588956
10.562097,426.6491959
10.565968,429.5545312
10.569839,455.2914163
10.574,478.0681486
10.577871,435.2555665
10.581742,392.0592608
10.585613,376.9021815
10.589484,395.4031373
10.593355,378.3274403
10.597226,342.4492905
10.601097,387.7834844
10.604968,377.4229491
10.608839,341.1610758
10.612,321.3170877
10.615871,358.044911
10.619742,380.712008
10.623613,394.4986461
10.627484,424.154993
10.631355,429.1708077
10.635226,412.6158784
10.639097,375.5043315
10.642968,453.2631634
10.646839,456.6892663
10.651,446.2465046
10.654871,430.2671606
10.658742,447.0961782
10.662613,446.6028193
10.666484,409.2720019
10.670355,372.5441786
10.674226,361.4984228
10.678097,400.8574931
10.681968,373.1745815
10.685839,346.6428405
10.69,364.1570786
10.693871,407.0518872
10.697742,378.1629874
10.701613,436.3519194
10.705484,428.8967194
10.709355,435.940787
10.713226,421.9622871
10.717097,378.2452138
10.720968,441.9433194
10.724839,449.7274252
10.729,423.4423636
10.732871,461.7873075
10.736742,419.7421724
10.740613,419.1391783
10.744484,370.7351962
10.748355,363.6911286
10.752226,404.1191431
10.756097,408.943096
10.759968,373.1471727
10.763839,346.3139346
10.767,395.4305461
10.770871,323.5646112
10.774742,428.1018636
10.778613,445.7805546
10.782484,448.6858899
10.786355,420.893343
10.790226,426.8958753
10.794097,446.959134
10.797968,415.7130754
10.801839,447.7813987
10.806,439.2298458
10.809871,437.03714
10.813742,409.107549
10.817613,462.1162134
10.821484,371.7767315
10.825355,373.256808
10.829226,405.845899
10.833097,403.7080108
10.836968,400.2270902
10.840839,412.9996019
10.845,431.610193
10.848871,410.340946
10.852742,409.573499
10.856613,441.9433194
10.860484,460.4990928
10.864355,499.5292573
10.868226,456.2507252
10.872097,430.2945694
10.875968,450.5770987
10.879839,458.4982487
10.883,433.4739929
10.886871,398.5825608
10.890742,406.5037107
10.894613,423.4971812
10.898484,470.5033133
10.902355,426.018793
10.906226,406.9696607
10.910097,384.6588785
10.913968,419.1117695
10.917839,385.0151932
10.922,355.0025316
10.925871,430.0204812
10.929742,498.0491808
10.933613,510.5476043
10.937484,512.0550895
10.941355,510.8216925
10.945226,502.8731337
10.949097,470.7225839
10.952968,446.9043164
10.956839,431.610193
10.961,458.141934
10.964871,435.9956047
10.968742,409.874996
10.972613,404.1465519
10.976484,404.3384137
10.980355,387.4271697
10.984226,385.042602
10.988097,435.2829753
10.991968,425.7995224
10.995839,394.5808726
11,420.7288901
11.003871,460.6909545
11.007742,448.6584811
11.011613,449.3711105
11.015484,458.4982487
11.019355,464.8022781
11.023226,456.1684987
11.027097,442.9848547
11.030968,448.3843929
11.034839,433.6658547
11.038,408.4223284
11.041871,382.1372668
11.045742,446.3013223
11.049613,436.1326488
11.053484,399.487052
11.057355,374.6820668
11.061226,406.5311196
11.065097,418.0428254
11.068968,436.57119
11.072839,428.1292724
11.077,455.2091899
11.080871,508.6838043
11.084742,463.9526045
11.088613,441.5047782
11.092484,469.9003192
11.096355,518.2768925
11.100226,454.7706487
11.104097,393.5393373
11.107968,439.1202106
11.111839,504.846569
11.116,435.3926106
11.119871,435.9133782
11.123742,454.2498811
11.127613,442.5189047
11.131484,397.5136167
11.135355,402.7487019
11.139226,365.1437963
11.143097,437.6127253
11.146968,426.6217871
11.150839,475.5739456
11.154,486.6471103
11.157871,504.0243043
11.161742,459.4027399
11.165613,479.8223133
11.169484,456.9359457
11.173355,442.6285399
11.177226,479.2193191
11.181097,423.4697724
11.184968,390.9080902
11.188839,433.2821312
11.193,485.8522544
11.196871,461.7598987
11.200742,464.3089192
11.204613,461.403584
11.208484,390.4421402
11.212355,373.0375374
11.216226,416.9738813
11.220097,412.8625578
11.223968,444.6019752
11.227839,473.2716045
11.232,466.2823545
11.235871,497.857319
11.239742,476.3139839
11.243613,517.7013072
11.247484,458.7449281
11.251355,368.8713963
11.255226,422.3460107
11.259097,462.1984398
11.262968,447.891034
11.266839,460.9102251
11.271,446.959134
11.274871,453.3453899
11.278742,447.5621282
11.282613,443.5056223
11.286484,456.5248134
11.290355,452.7423958
11.294226,390.0310079
11.298097,401.6249402
11.301968,445.2871958
11.305839,442.9848547
11.309,436.406737
11.312871,471.791528
11.316742,442.1899988
11.320613,374.1064815
11.324484,399.1307373
11.328355,417.0286989
11.332226,377.6696286
11.336097,380.7668256
11.339968,362.3206875
11.343839,369.693661
11.348,367.3913198
11.351871,335.3504053
11.355742,362.3755051
11.359613,349.2740875
11.363484,293.0037732
11.367355,319.5355142
11.371226,358.8945845
11.375097,375.0109727
11.378968,350.4252581
11.382839,333.0206553
11.387,319.8370112
11.390871,334.3910965
11.394742,317.3428083
11.398613,337.0223435
11.402484,321.8104465
11.406355,273.324238
11.410226,241.667047
11.414097,249.3141087
11.417968,237.4186794
11.421839,204.1991854
11.425,194.4416443
11.428871,207.5704707
11.432742,201.8968443
11.436613,179.284565
11.440484,183.2040267
11.444355,241.0914617
11.448226,252.8498469
11.452097,221.5763795
11.455968,218.9451324
11.459839,236.6786411
11.464,216.6702001
11.467871,201.0745796
11.471742,206.5289354
11.475613,189.371012
11.479484,155.8774298
11.483355,132.11398
11.487226,140.2818093
11.491097,150.8616152
11.494968,141.8989299
11.498839,122.0549418
11.503,125.2069565
11.506871,125.7277241
11.510742,128.6056506
11.514613,141.8167035
11.518484,152.3142828
11.522355,157.7412298
11.526226,162.0170063
11.530097,158.0701357
11.533968,162.5103651
11.537839,153.6573151
11.541,162.0444151
11.544871,155.3292534
11.548742,135.8963976
11.552613,143.598277
11.556484,134.2518682
11.560355,125.1795477
11.564226,100.7856949
11.568097,86.53310671
11.571968,72.36274503
11.575839,94.34462137
11.58,111.941086
11.583871,123.26093
11.587742,106.514139
11.591613,110.8173242
11.595484,123.6994712
11.599355,116.2990889
11.603226,109.7483801
11.607097,112.0781301
11.610968,128.7426947
11.614839,132.0865712
11.619,110.7350977
11.622871,112.2151742
11.626742,103.7458478
11.630613,101.7175949
11.634484,94.97502431
11.638355,87.30055377
11.642226,81.13356851
11.646097,83.62777144
11.649968,76.33702442
11.653839,93.65940079
11.658,100.3745625
11.661871,102.6494949
11.665742,108.679436
11.669613,101.0871919
11.673484,101.4435066
11.677355,119.3962859
11.681226,126.7144418
11.685097,122.4660742
11.688968,114.8738301
11.692839,103.4717596
11.696,109.912833
11.699871,90.31552434
11.703742,91.4392861
11.707613,93.11122432
11.711484,70.91007739
11.715355,49.83269222
11.719226,51.75130986
11.723097,47.88666576
11.726968,45.17319225
11.730839,63.29042449
11.735,85.90270378
11.738871,98.70262429
11.742742,78.66677441
11.746613,93.87867138
11.750484,109.4742919
11.754355,112.7907595
11.758226,110.2417389
11.762097,108.5149831
11.765968,104.019936
11.769839,86.01233907
11.774,97.08550371
11.777871,103.6362125
11.781742,75.10362737
11.785613,38.95138934
11.789484,27.8782247
11.793355,43.55607167
11.797226,67.0454333
11.801097,65.45572154
11.804968,48.8733834
11.808839,46.62585988
11.812,51.12090692
11.815871,64.63345684
11.819742,80.80466263
11.823613,111.310683
11.827484,108.5698007
11.831355,81.98324203
11.835226,84.77894202
11.839097,88.12281847
11.842968,94.31721255
11.846839,109.9402419
11.851,121.8082624
11.854871,103.3347154
11.858742,59.64505099
11.862613,35.3882423
11.866484,59.69986863
11.870355,89.65771258
11.874226,97.14032136
11.878097,77.73487441
11.881968,46.62585988
11.885839,26.69964529
11.89,50.24382457
11.893871,103.5813948
11.897742,119.3688771
11.901613,93.4401302
11.905484,52.54616573
11.909355,39.69142757
11.913226,62.30370685
11.917097,81.05134204
11.920968,83.98408614
11.924839,64.19491567
11.929,38.07430699
11.932871,23.35576884
11.936742,35.88160112
11.940613,51.94317162
11.944484,48.10593635
11.948355,35.30601583
11.952226,28.67308058
11.956097,38.56766581
11.959968,58.93242158
11.963839,75.07621854
11.967,78.17341558
11.970871,69.07368623
11.974742,55.64336277
11.978613,61.61848627
11.982484,82.47660085
11.986355,84.97080378
11.990226,62.7148392
11.994097,42.29526579
11.997968,36.86831876
