time,thrust_filtered
0,-0.0892252585258688
0,-0.0911514430636001
0,-0.0910607606981919
0,-0.0884624713243134
0,-0.082986408976257
0,-0.0744155346581392
0,-0.0627046858099056
0,-0.0479848176884021
0,-0.0305546624230836
0.039,-0.0108634556803185
0.039,0.0105117219908414
0.039,0.0328923631300248
0.039,0.0555291201196438
0.039,0.0776370700767618
0.039,0.0984341896016229
0.039,0.11717925774469
0.039,0.133204446864773
0.039,0.145939045809161
0.039,0.154923912140504
0.078,0.159819560766909
0.078,0.160411751761533
0.078,0.156616621419993
0.078,0.148484962294742
0.078,0.136204244797992
0.078,0.120097339353865
0.078,0.100617395921962
0.078,0.0783384280009555
0.078,0.0539411549804965
0.078,0.0281936692252503
0.117,0.00192647552009911
0.117,-0.0239981337336243
0.117,-0.04872138217961
0.117,-0.0714262463732106
0.117,-0.0913769913607437
0.117,-0.107958356423388
0.117,-0.120711434358234
0.117,-0.12936162888334
0.117,-0.1338342301795
0.117,-0.134255612011244
0.156,-0.130941159088831
0.156,-0.124372914792912
0.156,-0.115169993607158
0.156,-0.104053825354869
0.156,-0.0918096384763891
0.156,-0.0792458094540001
0.156,-0.0671531271168424
0.156,-0.0562656890683616
0.156,-0.0472239881743014
0.156,-0.0405396000009431
0.194,-0.0365605524550207
0.194,-0.0354371487125774
0.194,-0.037089596318591
0.194,-0.0411810403413917
0.194,-0.0471020418774558
0.194,-0.0539743537997316
0.194,-0.0606819439656964
0.194,-0.0659348584593395
0.194,-0.0683670490730595
0.194,-0.0666641929644055
0.233,-0.0597133458478374
0.233,-0.0467633033931224
0.233,-0.0275822523739112
0.233,-0.00259792002705865
0.233,0.026994100348231
0.233,0.059166134675475
0.233,0.0910485190647563
0.233,0.118982860919063
0.233,0.138646321602273
0.233,0.145253202296757
0.272,0.133836815304497
0.272,0.0996083273353773
0.272,0.0383801749873969
0.272,-0.0529678758904491
0.272,-0.176009421736921
0.272,-0.330312881592266
0.272,-0.513039936659077
0.272,-0.718637436830714
0.272,-0.938657916842528
0.272,-1.16174055663941
0.31,-1.37377829532853
0.31,-1.55828786677131
0.31,-1.69698924169299
0.31,-1.7705907976738
0.31,-1.75976629954717
0.31,-1.64629810252735
0.31,-1.41434727136888
0.31,-1.05179625611588
0.31,-0.551594230507124
0.31,0.0869803186393151
0.349,0.857239154043063
0.349,1.74429471729245
0.349,2.72467192528652
0.349,3.76642512429377
0.349,4.82984839067349
0.349,5.86884177440709
0.349,6.83295990310144
0.349,7.67012368246959
0.349,8.3299223777589
0.349,8.7673732642438
0.388,8.94694041375361
0.388,8.8465485162541
0.388,8.46128401050529
0.388,7.80650020796329
0.388,6.92016951780846
0.388,5.86451193864905
0.388,4.72707021536202
0.388,3.62143809772072
0.388,2.68778991910949
0.388,2.09320493339698
0.426,2.03153389336108
0.426,2.72235632306696
0.426,4.40861897250923
0.426,7.35281793685325
0.426,11.8318591138269
0.426,18.1308609026262
0.426,26.5362285451068
0.426,37.3284109140015
0.426,50.7747796542552
0.426,67.1229794003675
0.465,86.594922579
0.465,109.381368008789
0.465,135.636694040674
0.465,165.47308745685
0.465,198.953083581036
0.465,236.079431092916
0.465,276.781761002178
0.465,320.900446878693
0.465,368.169122728771
0.465,418.198376555381
0.504,470.463954937813
0.504,524.303046763308
0.504,578.921628530486
0.504,633.414657939358
0.504,686.799461316373
0.504,738.061017604587
0.504,786.20597587304
0.504,830.320620456186
0.504,869.627271540912
0.504,903.53389922743
0.543,931.67270753263
0.543,953.924852832931
0.543,970.430078131514
0.543,981.581513637467
0.543,988.007005195454
0.543,990.539188982628
0.543,990.17719391022
0.543,988.043143697266
0.543,985.336487648303
0.543,983.288849128583
0.581,983.121706585056
0.581,986.008724311547
0.581,993.043901993158
0.581,1005.21605261589
0.581,1023.38947785772
0.581,1048.29000940197
0.581,1080.49494999211
0.581,1120.42518404533
0.581,1168.33793620194
0.581,1224.31917094686
0.62,1288.27529935444
0.62,1359.9246046841
0.62,1438.78944130574
0.62,1524.19067906634
0.62,1615.24618212121
0.62,1710.87544272316
0.62,1809.81262884662
0.62,1910.6299422935
0.62,2011.77231508764
0.62,2111.60332870297
0.659,2208.46099791404
0.659,2300.72084775496
0.659,2386.86273064654
0.659,2465.53721531199
0.659,2535.62708106687
0.659,2596.29943155206
0.659,2647.04431302356
0.659,2687.69657689921
0.659,2718.43899047631
0.659,2739.78613365062
0.698,2752.55027892477
0.698,2757.79197334356
0.698,2756.75909825848
0.698,2750.81868178354
0.698,2741.38584763784
0.698,2729.85413739053
0.698,2717.53106636854
0.698,2705.58224426085
0.698,2694.98678813931
0.698,2686.50601989741
0.736,2680.6665090922
0.736,2677.75751192768
0.736,2677.84196925356
0.736,2680.77954451092
0.736,2686.25966651277
0.736,2693.84215471914
0.736,2703.00272871076
0.736,2713.18049799626
0.736,2723.82438149604
0.736,2734.4353768757
0.775,2744.60177271318
0.775,2754.0248645511
0.775,2762.53355178052
0.775,2770.08721760587
0.775,2776.76724489655
0.775,2782.75829512184
0.775,2788.32123536345
0.775,2793.76038537208
0.775,2799.38832562123
0.775,2805.49165459323
0.814,2812.30087984071
0.814,2819.96717849453
0.814,2828.54802052122
0.814,2838.00261703676
0.814,2848.19705645521
0.814,2858.91804840752
0.814,2869.89345037581
0.814,2880.81720113394
0.814,2891.37600033901
0.814,2901.27508076337
0.852,2910.26066112942
0.852,2918.13713959586
0.852,2924.77781486768
0.852,2930.12878452356
0.852,2934.20643440126
0.852,2937.08945232892
0.852,2938.90659477097
0.852,2939.82160345898
0.852,2940.01678388891
0.852,2939.67682226365
0.891,2938.9743661806
0.891,2938.05865643983
0.891,2937.04808773321
0.891,2936.02709393076
0.891,2935.04728541643
0.891,2934.13233719202
0.891,2933.28576070235
0.891,2932.50044459406
0.891,2931.76873990333
0.891,2931.09184068193
0.93,2930.48723804142
0.93,2929.9931668546
0.93,2929.66929461638
0.93,2929.59339130484
0.93,2929.85426463517
0.93,2930.54176333545
0.93,2931.73507630774
0.93,2933.49081129041
0.93,2935.83237990286
0.93,2938.7420742453
0.969,2942.15694756127
0.969,2945.96923485726
0.969,2950.03157586717
0.969,2954.16676300726
0.969,2958.18120547837
0.969,2961.88086574126
0.969,2965.08813769199
0.969,2967.65799801746
0.969,2969.49177230409
0.969,2970.54705066808
1.007,2970.8426764598
1.007,2970.45823753647
1.007,2969.5280076283
1.007,2968.22978928516
1.007,2966.76962423282
1.007,2965.36382307116
1.007,2964.220102406
1.007,2963.5197090284
1.007,2963.40227527612
1.007,2963.95485875764
1.046,2965.20620121
1.046,2967.12669297262
1.046,2969.63389623736
1.046,2972.60286640403
1.046,2975.88002052289
1.046,2979.29899289699
1.046,2982.69680689151
1.046,2985.92876702936
1.046,2988.88070367179
1.046,2991.4775471212
1.085,2993.68762456455
1.085,2995.52249028482
1.085,2997.03245992559
1.085,2998.29834904701
1.085,2999.42027584642
1.085,3000.50475081225
1.085,3001.65152513153
1.085,3002.94172038402
1.085,3004.42861463873
1.085,3006.13213672613
1.124,3008.03764201575
1.124,3010.09898028924
1.124,3012.24533504262
1.124,3014.39089750387
1.124,3016.44616077897
1.124,3018.32948567284
1.124,3019.9776115445
1.124,3021.35394401283
1.124,3022.4536895508
1.124,3023.30520381252
1.162,3023.96731296331
1.162,3024.52285037387
1.162,3025.06912644015
1.162,3025.70641567337
1.162,3026.52577062704
1.162,3027.59755258073
1.162,3028.9619896016
1.162,3030.62284593568
1.162,3032.54496140903
1.162,3034.6560237146
1.201,3036.85248416245
1.201,3039.00908504517
1.201,3040.99111216017
1.201,3042.66822056626
1.201,3043.92847790022
1.201,3044.69116195299
1.201,3044.91689994921
1.201,3044.61395582568
1.201,3043.83982277804
1.201,3042.6977373227
1.24,3041.32828592544
1.24,3039.89687584473
1.24,3038.57838800975
1.24,3037.54069873312
1.24,3036.92885129388
1.24,3036.85148382389
1.24,3037.37079563047
1.24,3038.49696642422
1.24,3040.18753615673
1.24,3042.35178753453
1.279,3044.85969127972
1.279,3047.55452951196
1.279,3050.26791764984
1.279,3052.83564483254
1.279,3055.11265967698
1.279,3056.98569801255
1.279,3058.38240189582
1.279,3059.27620378704
1.279,3059.6866999617
1.279,3059.67567880183
1.317,3059.33933981352
1.317,3058.79752327529
1.317,3058.18102017348
1.317,3057.61824501997
1.317,3057.22263998761
1.317,3057.0820881586
1.317,3057.25137866649
1.317,3057.74841314742
1.317,3058.55439967399
1.317,3059.61783890018
1.356,3060.86174582472
1.356,3062.19325728803
1.356,3063.51454304883
1.356,3064.73383606066
1.356,3065.77545215619
1.356,3066.58779825907
1.356,3067.14852886598
1.356,3067.46627939878
1.356,3067.5788075653
1.356,3067.54778636353
1.395,3067.45081494866
1.395,3067.37148655736
1.395,3067.3886109539
1.395,3067.56585580523
1.395,3067.9430719348
1.395,3068.5304074901
1.395,3069.30601436681
1.395,3070.21772339354
1.395,3071.18858621003
1.395,3072.12573594761
1.433,3072.93161743785
1.433,3073.51629138965
1.433,3073.80932981822
1.433,3073.76987423051
1.433,3073.3936531648
1.433,3072.71605544015
1.433,3071.81075324148
1.433,3070.78388600588
1.433,3069.76434553226
1.433,3068.89113696299
1.472,3068.29912800767
1.472,3068.10473088309
1.472,3068.39310026135
1.472,3069.20824520925
1.472,3070.54713845126
1.472,3072.35853285454
1.472,3074.54672837789
1.472,3076.97997804976
1.472,3079.50269797671
1.472,3081.95024830767
1.511,3084.16478105225
1.511,3086.01052078411
1.511,3087.38690716777
1.511,3088.23826931684
1.511,3088.55904467459
1.511,3088.39397770632
1.511,3087.83325364524
1.511,3087.00307408885
1.511,3086.05264977023
1.511,3085.13893967506
1.55,3084.41071630798
1.55,3083.99362611015
1.55,3083.97778014146
1.55,3084.40909817627
1.55,3085.2852218475
1.55,3086.55633321129
1.55,3088.13069332315
1.55,3089.88424849934
1.55,3091.67330977482
1.55,3093.34906304867
1.588,3094.77248429241
1.588,3095.82817191775
1.588,3096.43571746204
1.588,3096.55748583702
1.588,3096.2020318826
1.588,3095.42283876745
1.588,3094.31257403049
1.588,3092.99351567427
1.588,3091.60515576719
1.588,3090.29025538895
1.627,3089.18077327518
1.627,3088.38506766316
1.627,3087.97760638163
1.627,3087.99218943664
1.627,3088.41938399177
1.627,3089.208439075
1.627,3090.27343038371
1.627,3091.50291629488
1.627,3092.77203829012
1.627,3093.95576315506
1.666,3094.94185739481
1.666,3095.64225812845
1.666,3096.00174100414
1.666,3096.00309235419
1.666,3095.66831310173
1.666,3095.05572865836
1.666,3094.2532655703
1.666,3093.36855526312
1.666,3092.51689392357
1.666,3091.80837050839
1.705,3091.33559614316
1.705,3091.16338224257
1.705,3091.32146853051
1.705,3091.80108317073
1.705,3092.55575252914
1.705,3093.50634692119
1.705,3094.54987027082
1.705,3095.57104537605
1.705,3096.45538322975
1.705,3097.10222576203
1.743,3097.4362816312
1.743,3097.41641870526
1.743,3097.04082427911
1.743,3096.34800596494
1.743,3095.41349306649
1.743,3094.34254029273
1.743,3093.25958679243
1.743,3092.29560065311
1.743,3091.57469612376
1.743,3091.20151788557
1.782,3091.25080372929
1.782,3091.76025747085
1.782,3092.72744022954
1.782,3094.11090097467
1.782,3095.8352915666
1.782,3097.79980338201
1.782,3099.88895297762
1.782,3101.98453625476
1.782,3103.97746546964
1.782,3105.77823060075
1.821,3107.32490626995
1.821,3108.58792232496
1.821,3109.57117686756
1.821,3110.3094636203
1.821,3110.86258031167
1.821,3111.30683846178
1.821,3111.72496878878
1.821,3112.19558092718
1.821,3112.78336509489
1.821,3113.53110511811
1.859,3114.45434346566
1.859,3115.53926681771
1.859,3116.74407960608
1.859,3118.00376594917
1.859,3119.23772544231
1.859,3120.35940036704
1.859,3121.28676948802
1.859,3121.95248309432
1.859,3122.31245476238
1.859,3122.35191027731
1.898,3122.08819454406
1.898,3121.57000278745
1.898,3120.87310369845
1.898,3120.09302285021
1.898,3119.33548482446
1.898,3118.70563264594
1.898,3118.29716753805
1.898,3118.18257804247
1.898,3118.40551835068
1.898,3118.97615358867
1.937,3119.86998332623
1.937,3121.03033655682
1.937,3122.37438005271
1.937,3123.80207596547
1.937,3125.20712629946
1.937,3126.48865686598
1.937,3127.56228883832
1.937,3128.36933102384
1.937,3128.88306900675
1.937,3129.11147413338
1.976,3129.09604934371
1.976,3128.90693761018
1.976,3128.63482577011
1.976,3128.38053802418
1.976,3128.24346446027
1.976,3128.31007470154
1.976,3128.64372215261
1.976,3129.27676869335
1.976,3130.20580762356
1.976,3131.39049607545
2.014,3132.75622912276
2.014,3134.20054563011
2.014,3135.60273954584
2.014,3136.83574211556
2.014,3137.77905002393
2.014,3138.33135003207
2.014,3138.42152297714
2.014,3138.01687686591
2.014,3137.12773438376
2.014,3135.80785374624
2.053,3134.15056201379
2.053,3132.28089596512
2.053,3130.34445513122
2.053,3128.49405395957
2.053,3126.87556090355
2.053,3125.61443829551
2.053,3124.80438602242
2.053,3124.4991868013
2.053,3124.70846725376
2.053,3125.39770999272
2.092,3126.49248231038
2.092,3127.88646368072
2.092,3129.45246671185
2.092,3131.05531343053
2.092,3132.56523009303
2.092,3133.87040131776
2.092,3134.8874559541
2.092,3135.56888932703
2.092,3135.90672337508
2.092,3135.93206116104
2.131,3135.71059677722
2.131,3135.33455884662
2.131,3134.91194847139
2.131,3134.55424011986
2.131,3134.36389976146
2.131,3134.42309360829
2.131,3134.78480193379
2.131,3135.46724780454
2.131,3136.45216127351
2.131,3137.68698960926
2.169,3139.09077075916
2.169,3140.56301958777
2.169,3141.99465702943
2.169,3143.27980198342
2.169,3144.32719043406
2.169,3145.07006118353
2.169,3145.47350247302
2.169,3145.53848053641
2.169,3145.30208271803
2.169,3144.83388865261
2.208,3144.22879596605
2.208,3143.59703528667
2.208,3143.05246071662
2.208,3142.70041738104
2.208,3142.62651002939
2.208,3142.88744640825
2.208,3143.50488103161
2.208,3144.46288786501
2.208,3145.70933831896
2.208,3147.16105164336
2.247,3148.71217287657
2.247,3150.24489649007
2.247,3151.64143078594
2.247,3152.79598699686
2.247,3153.62556993825
2.247,3154.07844973171
2.247,3154.13942297684
2.247,3153.83132176617
2.247,3153.21264181756
2.247,3152.37155982374
2.285,3151.41695990895
2.285,3150.46738223799
2.285,3149.63901395154
2.285,3149.03393194325
2.285,3148.72978846486
2.285,3148.77202091167
2.285,3149.1694386652
2.285,3149.89367788414
2.285,3150.8825870658
2.285,3152.04718903004
2.324,3153.28147190307
2.324,3154.47392214222
2.324,3155.51952139183
2.324,3156.33093139612
2.324,3156.84772134943
2.324,3157.04268644191
2.324,3156.92458189488
2.324,3156.53696843168
2.324,3155.95328158484
2.324,3155.26864493274
2.363,3154.58932639666
2.363,3154.02103413483
2.363,3153.65737807988
2.363,3153.56976674861
2.363,3153.79982118457
2.363,3154.355098513
2.363,3155.20853683272
2.363,3156.30162396402
2.363,3157.55092057284
2.363,3158.85722521779
2.402,3160.11635538429
2.402,3161.23032934896
2.402,3162.11774275853
2.402,3162.72227916556
2.402,3163.01848916928
2.402,3163.01423461354
2.402,3162.74955565057
2.402,3162.29211935839
2.402,3161.7297672719
2.402,3161.16098372943
2.44,3160.68434676327
2.44,3160.38812499546
2.44,3160.34111154894
2.44,3160.58560674884
2.44,3161.13323729066
2.44,3161.96401866777
2.44,3163.02872781905
2.44,3164.25430753726
2.44,3165.55171938073
2.44,3166.82541387692
2.479,3167.98342839529
2.479,3168.94708507423
2.479,3169.65930759833
2.479,3170.090662716
2.479,3170.24241553427
2.479,3170.14623234494
2.479,3169.86059015227
2.479,3169.46431334006
2.479,3169.04792749572
2.479,3168.70374722321
2.518,3168.51577248182
2.518,3168.55048529248
2.518,3168.84952987807
2.518,3169.42508520798
2.518,3170.25848017282
2.518,3171.30221980548
2.518,3172.48516465917
2.518,3173.72025386892
2.518,3174.91390513315
2.518,3175.97604789898
2.557,3176.82969650271
2.557,3177.41906754171
2.557,3177.71542230762
2.557,3177.72002960045
2.557,3177.46393082263
2.557,3177.00453960016
2.557,3176.4194422584
2.557,3175.79804996569
2.557,3175.23200717464
2.557,3174.80543731743
2.595,3174.58611957961
2.595,3174.61854586899
2.595,3174.91957499239
2.595,3175.47710905039
2.595,3176.25188334035
2.595,3177.18214992841
2.595,3178.19077706111
2.595,3179.194035651
2.595,3180.11109988893
2.595,3180.87315997436
2.634,3181.43110445447
2.634,3181.76091852113
2.634,3181.86619398942
2.634,3181.77746707831
2.634,3181.54847301888
2.634,3181.24974015828
2.634,3180.96020831604
2.634,3180.75779344393
2.634,3180.71000185064
2.634,3180.86570516655
2.673,3181.24900437404
2.673,3181.85585065969
2.673,3182.65381603331
2.673,3183.5850816015
2.673,3184.57234693481
2.673,3185.52705014939
2.673,3186.35906228991
2.673,3186.98684910728
2.673,3187.34699889435
2.673,3187.40206917174
2.712,3187.14590083937
2.712,3186.60579876607
2.712,3185.84125657919
2.712,3184.93925716726
2.712,3184.00658467573
2.712,3183.15992327395
2.712,3182.51472784572
2.712,3182.17396008867
2.712,3182.21781040505
2.712,3182.69544836876
2.75,3183.61966150571
2.75,3184.96498111521
2.75,3186.66955546031
2.75,3188.64061473659
2.75,3190.76295040283
2.75,3192.90950999362
2.75,3194.95303078115
2.75,3196.77757989787
2.75,3198.28891101162
2.75,3199.42267687396
2.789,3200.14973577186
2.789,3200.47804493735
2.789,3200.45094582243
2.789,3200.14200152247
2.789,3199.64690204241
2.789,3199.07326357853
2.789,3198.52938245531
2.789,3198.11312729291
2.789,3197.90213304636
2.789,3197.94630234139
2.828,3198.26335723425
2.828,3198.83785060045
2.828,3199.62367103121
2.828,3200.54970731796
2.828,3201.52803092094
2.828,3202.46372169846
2.828,3203.26529477653
2.828,3203.85461085826
2.828,3204.17521114095
2.828,3204.19820249264
2.866,3203.92509120011
2.866,3203.3873135183
2.866,3202.64260773624
2.866,3201.76872342096
2.866,3200.8551998221
2.866,3199.99408958444
2.866,3199.27059531461
2.866,3198.75460115096
2.866,3198.49398295838
2.866,3198.51039015878
2.905,3198.79794533337
2.905,3199.32500338626
2.905,3200.03875819866
2.905,3200.87213837038
2.905,3201.75215844879
2.905,3202.60872414471
2.905,3203.38285175667
2.905,3204.03335873323
2.905,3204.54128438726
2.905,3204.91156519913
2.944,3205.17179950625
2.944,3205.36827650729
2.944,3205.55976099942
2.944,3205.80975743213
2.944,3206.17811732683
2.944,3206.71292746282
2.944,3207.44361871654
2.944,3208.3761398531
2.944,3209.49083610372
2.944,3210.74336828999
2.983,3212.06862728886
2.983,3213.38720268855
2.983,3214.61365774503
2.983,3215.66571420385
2.983,3216.47342324774
2.983,3216.98740284765
2.983,3217.18523510403
2.983,3217.07521268492
2.983,3216.69686809854
2.983,3216.11809191508
3.021,3215.42907164789
3.021,3214.73368745907
3.021,3214.13930698909
3.021,3213.74607084635
3.021,3213.63676174837
3.021,3213.86825827169
3.021,3214.46542333578
3.021,3215.41807002349
3.021,3216.68137555169
3.021,3218.17977761072
3.06,3219.81401243742
3.06,3221.47060225978
3.06,3223.0328288713
3.06,3224.39205589179
3.06,3225.45819310383
3.06,3226.16817797567
3.06,3226.49160809534
3.06,3226.43302210998
3.06,3226.03069329898
3.06,3225.35215150445
3.099,3224.48700417388
3.099,3223.5379212237
3.099,3222.61078500867
3.099,3221.80499089555
3.099,3221.20479393673
3.099,3220.87246023733
3.099,3220.84377541475
3.099,3221.12620586804
3.099,3221.69976306546
3.099,3222.52041352551
3.138,3223.52568210685
3.138,3224.64189785105
3.138,3225.79235793418
3.138,3226.9055703684
3.138,3227.9226961399
3.138,3228.80336934919
3.138,3229.52924829853
3.138,3230.10491444784
3.138,3230.55603800878
3.138,3230.92503852574
3.176,3231.2647681174
3.176,3231.63099687456
3.176,3232.07463026704
3.176,3232.63460169873
3.176,3233.33226828337
3.176,3234.16792984653
3.176,3235.11982688563
3.176,3236.14569291273
3.176,3237.18667780203
3.176,3238.17323731048
3.215,3239.03240061534
3.215,3239.695692737
3.215,3240.1069220506
3.215,3240.22904474748
3.215,3240.04936588487
3.215,3239.58243579323
3.215,3238.87019366902
3.215,3237.97920623532
3.215,3236.99518715133
3.215,3236.01529111396
3.254,3235.13893368614
3.254,3234.45808926047
3.254,3234.04811911772
3.254,3233.96013287195
3.254,3234.21571885832
3.254,3234.80464596543
3.254,3235.68583495642
3.254,3236.79151619094
3.254,3238.03411393634
3.254,3239.31512139072
3.292,3240.53505709956
3.292,3241.60347672999
3.292,3242.44797630878
3.292,3243.02122646326
3.292,3243.30531320506
3.292,3243.31296763322
3.292,3243.08561061448
3.292,3242.68848652271
3.292,3242.20345284914
3.292,3241.72020723797
3.331,3241.32689015372
3.331,3241.10107233155
3.331,3241.10205446736
3.331,3241.36519458503
3.331,3241.89875107849
3.331,3242.68352826795
3.331,3243.67536762897
3.331,3244.81022267446
3.331,3246.01126579879
3.331,3247.19725087547
3.37,3248.29120257692
3.37,3249.22846923279
3.37,3249.96329705516
3.37,3250.47329019479
3.37,3250.76132674242
3.37,3250.85473123835
3.37,3250.80181098382
3.37,3250.66618266429
3.37,3250.51954815369
3.37,3250.4337248298
3.409,3250.47282561496
3.409,3250.6864660882
3.409,3251.10471069578
3.409,3251.73523181953
3.409,3252.56292484548
3.409,3253.55197849637
3.409,3254.65012169516
3.409,3255.79452454459
3.409,3256.91868084765
3.409,3257.95952465672
3.448,3258.86402195308
3.448,3259.59455912779
3.448,3260.13260614397
3.448,3260.48029548411
3.448,3260.65971548435
3.448,3260.70993102895
3.448,3260.68203419945
3.448,3260.63281146902
3.448,3260.61780363882
3.448,3260.68460688872
3.486,3260.86722361123
3.486,3261.18211657254
3.486,3261.62637260937
3.486,3262.17811096032
3.486,3262.79903099057
3.486,3263.43878826276
3.486,3264.04071519081
3.486,3264.54828353362
3.486,3264.91164975606
3.486,3265.09362376336
3.525,3265.074459595
3.525,3264.85498020829
3.525,3264.45769417796
3.525,3263.92573065999
3.525,3263.31962537784
3.525,3262.7122288146
3.525,3262.18222170379
3.525,3261.80684827808
3.525,3261.65451746606
3.525,3261.77793855572
3.564,3262.20847787012
3.564,3262.95239546222
3.564,3263.98947580135
3.564,3265.27429822214
3.564,3266.74007718182
3.564,3268.30471561306
3.564,3269.87846893303
3.564,3271.37241342367
3.564,3272.70679217241
3.564,3273.81831671851
3.602,3274.66564103305
3.602,3275.23247219118
3.602,3275.52808265366
3.602,3275.58527752225
3.602,3275.45611152733
3.602,3275.20584162246
3.602,3274.90574415441
3.602,3274.62551928869
3.602,3274.42605290939
3.602,3274.35329895758
3.641,3274.43394457052
3.641,3274.67331320944
3.641,3275.05571262617
3.641,3275.54720475498
3.641,3276.100529005
3.641,3276.66162024475
3.641,3277.17691754847
3.641,3277.60056387115
3.641,3277.90063445733
3.641,3278.06363947039
3.68,3278.09672974303
3.68,3278.0273131245
3.68,3277.90011171379
3.68,3277.77199709475
3.68,3277.70522099275
3.68,3277.75988247771
3.68,3277.98656345327
3.68,3278.42000174758
3.68,3279.07452215142
3.68,3279.94175094848
3.718,3280.99088245692
3.718,3282.1714711826
3.718,3283.41845547203
3.718,3284.65888744607
3.718,3285.81963332799
3.718,3286.83516650801
3.718,3287.65455966337
3.718,3288.24687403455
3.718,3288.60431368131
3.718,3288.74277663494
3.757,3288.69977642983
3.757,3288.53003296448
3.757,3288.29927472806
3.757,3288.07697203203
3.757,3287.92883119275
3.757,3287.90986202153
3.757,3288.05869196423
3.757,3288.39364196359
3.757,3288.91094006892
3.757,3289.58526228139
3.796,3290.37253951249
3.796,3291.21473325666
3.796,3292.04610415139
3.796,3292.80035267159
3.796,3293.41791174972
3.796,3293.85266708254
3.796,3294.07745543624
3.796,3294.08778227666
3.796,3293.90331300416
3.796,3293.5668780152
3.835,3293.14098799043
3.835,3292.70213302287
3.835,3292.33339924511
3.835,3292.11614794825
3.835,3292.12162383098
3.835,3292.40336935063
3.835,3292.99123866539
3.835,3293.88765150297
3.835,3295.06651068364
3.835,3296.4749422242
3.873,3298.03774419936
3.873,3299.66418037392
3.873,3301.25652170415
3.873,3302.71951616876
3.873,3303.96979979268
3.873,3304.94422488542
3.873,3305.60619259983
3.873,3305.94927840081
3.873,3305.99769510548
3.873,3305.803477497
3.912,3305.44069228934
3.912,3304.99736836543
3.912,3304.56608331452
3.912,3304.2342300875
3.912,3304.07498798205
3.912,3304.13993839438
3.912,3304.45406449155
3.912,3305.01359104196
3.912,3305.78683254233
3.912,3306.71794769413
3.951,3307.73322851322
3.951,3308.74929099976
3.951,3309.68231029922
3.951,3310.45727985473
3.951,3311.01621814015
3.951,3311.32436387281
3.951,3311.37368854374
3.951,3311.18342090864
3.951,3310.79763730207
3.951,3310.28030105524
3.99,3309.70840660443
3.99,3309.16403739286
3.99,3308.72616536169
3.99,3308.46296679427
3.99,3308.42535248681
3.99,3308.64229152033
3.99,3309.11833747651
3.99,3309.83357423839
3.99,3310.74599486371
3.99,3311.79609346165
4.028,3312.91319966476
4.028,3314.02287002168
4.028,3315.0545228629
4.028,3315.94849143827
4.028,3316.6617659559
4.028,3317.17185767281
4.028,3317.47841586775
4.028,3317.60246509229
4.028,3317.58339889804
4.028,3317.47411251848
4.067,3317.33483304325
4.067,3317.22632015763
4.067,3317.20317539873
4.067,3317.30798403172
4.067,3317.56690554703
4.067,3317.98716151914
4.067,3318.55667506854
4.067,3319.24589155596
4.067,3320.01156725298
4.067,3320.80209613786
4.106,3321.56377566478
4.106,3322.24728564653
4.106,3322.81360487269
4.106,3323.23866567848
4.106,3323.51622328044
4.106,3323.65863205787
4.106,3323.69545670131
4.106,3323.67009384369
4.106,3323.63478918207
4.106,3323.64457419465
4.144,3323.75075227181
4.144,3323.99466264832
4.144,3324.40248405409
4.144,3324.98174360248
4.144,3325.71999180872
4.144,3326.58585040725
4.144,3327.53235678012
4.144,3328.50223471015
4.144,3329.43447015681
4.144,3330.27141234043
4.183,3330.96556247433
4.183,3331.48524927142
4.183,3331.81852270883
4.183,3331.97480644175
4.183,3331.98409952336
4.183,3331.89379637313
4.183,3331.76348343554
4.183,3331.6583067038
4.183,3331.64162943039
4.183,3331.76773982749
4.222,3332.07537704829
4.222,3332.5827942236
4.222,3333.28490350304
4.222,3334.15278148881
4.222,3335.13557215676
4.222,3336.16465489117
4.222,3337.15979329237
4.222,3338.03680558094
4.222,3338.71611094946
4.222,3339.1313332871
4.261,3339.23702859017
4.261,3339.01461230161
4.261,3338.47573469154
4.261,3337.66264906522
4.261,3336.64546211157
4.261,3335.51649566757
4.261,3334.38229897936
4.261,3333.35410159425
4.261,3332.53766731561
4.261,3332.02358167875
4.299,3331.87894414189
4.299,3332.14123765521
4.299,3332.8148853949
4.299,3333.87075220352
4.299,3335.24861263798
4.299,3336.862372666
4.299,3338.60760812624
4.299,3340.37078043216
4.299,3342.03931221623
4.299,3343.51158872215
4.338,3344.70594781337
4.338,3345.56782503187
4.338,3346.07437019785
4.338,3346.23603879867
4.338,3346.09492965544
4.338,3345.71998722956
4.338,3345.19954894891
4.338,3344.63203983927
4.338,3344.11585456349
4.338,3343.73955937063
4.377,3343.57345919797
4.377,3343.66335944088
4.377,3344.02708867902
4.377,3344.6540476605
4.377,3345.50769760718
4.377,3346.53057125725
4.377,3347.65117563115
4.377,3348.79204084974
4.377,3349.87809080439
4.377,3350.84448183377
4.416,3351.64313292901
4.416,3352.24734210499
4.416,3352.6540752128
4.416,3352.88371595092
4.416,3352.97732013418
4.416,3352.99168520597
4.416,3352.99274765146
4.416,3353.04796292435
4.416,3353.21844624829
4.416,3353.55172800043
4.454,3354.07594708251
4.454,3354.79616822256
4.454,3355.69329681778
4.454,3356.72578296626
4.454,3357.83395715209
4.454,3358.94649028184
4.454,3359.98821140485
4.454,3360.88837138608
4.454,3361.58839587096
4.454,3362.0482487822
4.493,3362.25074563609
4.493,3362.20344785608
4.493,3361.93803360553
4.493,3361.50725413827
4.493,3360.97979345912
4.493,3360.43356157279
4.493,3359.94811708585
4.493,3359.59699552315
4.493,3359.44071878516
4.493,3359.52118630042
4.532,3359.8579912881
4.532,3360.44697706751
4.532,3361.2611030708
4.532,3362.25347877404
4.532,3363.36224768786
4.532,3364.51684142454
4.532,3365.64497268019
4.532,3366.67962733374
4.532,3367.5653049311
4.532,3368.26286708268
4.571,3368.75254120444
4.571,3369.0348352911
4.571,3369.1293348547
4.571,3369.071581881
4.571,3368.90845181734
4.571,3368.69259741324
4.571,3368.47659450819
4.571,3368.30741837221
4.571,3368.22180748761
4.571,3368.24293838394
4.609,3368.37867599867
4.609,3368.62151837898
4.609,3368.95022057859
4.609,3369.33293943069
4.609,3369.73158806293
4.609,3370.10694784695
4.609,3370.42398037546
4.609,3370.65673238038
4.609,3370.79224816829
4.609,3370.83300167424
4.648,3370.7975237437
4.648,3370.71911711579
4.648,3370.64279023904
4.648,3370.62073927369
4.648,3370.70683249828
4.648,3370.95063544987
4.648,3371.39158594913
4.648,3372.05395509061
4.648,3372.94317695948
4.648,3374.04400897172
4.687,3375.32082061134
4.687,3376.7200848744
4.687,3378.17486093838
4.687,3379.61078349084
4.687,3380.95289439075
4.687,3382.13257033818
4.687,3383.09379784118
4.687,3383.79813694131
4.687,3384.22789491313
4.687,3384.38725072293
4.725,3384.3012837897
4.725,3384.01305876412
4.725,3383.5790937019
4.725,3383.06366392059
4.725,3382.53247632402
4.725,3382.04632915261
4.725,3381.6554224996
4.725,3381.39493172236
4.725,3381.28230998812
4.725,3381.316616617
4.764,3381.47997212134
4.764,3381.74097940461
4.764,3382.05967160496
4.764,3382.39335562669
4.764,3382.70264537828
4.764,3382.95697621349
4.764,3383.13896314029
4.764,3383.24713644995
4.764,3383.29679382158
4.764,3383.31885827151
4.803,3383.35676798715
4.803,3383.46163474641
4.803,3383.68614832093
4.803,3384.07787296712
4.803,3384.67268379747
4.803,3385.48916848608
4.803,3386.52480910919
4.803,3387.7545616708
4.803,3389.13209455711
4.803,3390.59355789779
4.842,3392.0634167983
4.842,3393.46161942013
4.842,3394.71123511871
4.842,3395.74572496942
4.842,3396.5151363823
4.842,3396.99065519354
4.842,3397.16710127477
4.842,3397.06316540617
4.842,3396.71944645712
4.842,3396.19458771108
4.88,3395.5599669243
4.88,3394.89345984628
4.88,3394.27281076424
4.88,3393.76914406567
4.88,3393.44114377335
4.88,3393.33039673281
4.88,3393.4583229512
4.88,3393.82499957268
4.88,3394.41002339215
4.88,3395.17534289479
4.919,3396.06973608491
4.919,3397.0343802851
4.919,3398.00883669836
4.919,3398.93678178799
4.919,3399.77091956779
4.919,3400.47665136558
4.919,3401.0342410594
4.919,3401.43938750302
4.919,3401.70227435077
4.919,3401.84528218374
4.958,3401.89962560595
4.958,3401.90124561388
4.958,3401.88636079682
4.958,3401.88714584975
4.958,3401.92801801018
4.958,3402.02294693651
4.958,3402.17409221959
4.958,3402.37194732486
4.958,3402.59701560112
4.958,3402.8228454218
4.997,3403.02004034825
4.997,3403.16070301746
4.997,3403.22270900724
4.997,3403.19323884198
4.997,3403.07110911388
4.997,3402.86761488826
4.997,3402.60579513137
4.997,3402.31824165488
4.997,3402.04376468383
4.997,3401.82335836047
5.035,3401.69595230891
5.035,3401.69441397767
5.035,3401.84221575918
5.035,3402.15110719356
5.035,3402.62002423189
5.035,3403.23533469255
5.035,3403.97238816843
5.035,3404.79821158675
5.035,3405.67505853455
5.035,3406.56439988993
5.074,3407.43087509436
5.074,3408.24573978933
5.074,3408.98944197811
5.074,3409.65308624109
5.074,3410.238666489
5.074,3410.75807603265
5.074,3411.23104724612
5.074,3411.68229056467
5.074,3412.13815799461
5.074,3412.62317182084
5.113,3413.15677473543
5.113,3413.75066154379
5.113,3414.40699975925
5.113,3415.11773580558
5.113,3415.86506206585
5.113,3416.62301370358
5.113,3417.36005741718
5.113,3418.04241697687
5.113,3418.63777808989
5.113,3419.11896051639
5.151,3419.46714658747
5.151,3419.67430559282
5.151,3419.7445424636
5.151,3419.69420860974
5.151,3419.55072535914
5.151,3419.35017770504
5.151,3419.13383914624
5.151,3418.94390169094
5.151,3418.81881641249
5.151,3418.78877160631
5.19,3418.8718961398
5.19,3419.07173556433
5.19,3419.37640392622
5.19,3419.75959924829
5.19,3420.18342968541
5.19,3420.60275229129
5.19,3420.9704967412
5.19,3421.24328994348
5.19,3421.38667728031
5.19,3421.37934237254
5.229,3421.21588804377
5.229,3420.90791794198
5.229,3420.48335776212
5.229,3419.98414867526
5.229,3419.46258216458
5.229,3418.97664084684
5.229,3418.58480273087
5.229,3418.34081344661
5.229,3418.28888038007
5.229,3418.45965375523
5.268,3418.86731372836
5.268,3419.50804604952
5.268,3420.36008839313
5.268,3421.38538387365
5.268,3422.53274735653
5.268,3423.74232926388
5.268,3424.95102508161
5.268,3426.09835254439
5.268,3427.13223045398
5.268,3428.01404013129
5.306,3428.72236320469
5.306,3429.25492035086
5.306,3429.62845768619
5.306,3429.87655783251
5.306,3430.0455745038
5.306,3430.18913124691
5.306,3430.36183566499
5.306,3430.61294299084
5.306,3430.98065979582
5.306,3431.48768577837
5.345,3432.1384613609
5.345,3432.91840023805
5.345,3433.79518342566
5.345,3434.72201936702
5.345,3435.64259576164
5.345,3436.49723127565
5.345,3437.22954205536
5.345,3437.79284632011
5.345,3438.1555407815
5.345,3438.3047814161
5.384,3438.24801897711
5.384,3438.01225747623
5.384,3437.64120972885
5.384,3437.19074937889
5.384,3436.72323169063
5.384,3436.30137228669
5.384,3435.98236717273
5.384,3435.81280935115
5.384,3435.82480774519
5.384,3436.03360848035
5.423,3436.43691001359
5.423,3437.01589801896
5.423,3437.73784433583
5.423,3438.55998109805
5.423,3439.43426519356
5.423,3440.31255142659
5.423,3441.1516128635
5.423,3441.91743096034
5.423,3442.58824379912
5.423,3443.15598493328
5.461,3443.62596650188
5.461,3444.0149238774
5.461,3444.34776143109
5.461,3444.65346212519
5.461,3444.96067031275
5.461,3445.29346785112
5.461,3445.66782554469
5.461,3446.08910201004
5.461,3446.55082169122
5.461,3447.03485234511
5.5,3447.51300091782
5.5,3447.94990361508
5.5,3448.3069240126
5.5,3448.54664954763
5.5,3448.6374965893
5.5,3448.55789477783
5.5,3448.29956089233
5.5,3447.86949981517
5.5,3447.29052182087
5.5,3446.6001904526
5.539,3445.84823640502
5.539,3445.0926163408
5.539,3444.39453341712
5.539,3443.81285082249
5.539,3443.39844149099
5.539,3443.18910175807
5.539,3443.20563962649
5.539,3443.44961364133
5.539,3443.90300556135
5.539,3444.529896649
5.577,3445.27997793529
5.577,3446.09349153274
5.577,3446.90704547608
5.577,3447.65968790775
5.577,3448.29862965223
5.577,3448.78405020845
5.577,3449.09251771413
5.577,3449.21869662567
5.577,3449.17520716258
5.577,3448.99072177934
5.616,3448.70657627338
5.616,3448.37229016953
5.616,3448.04046034511
5.616,3447.76155198268
5.616,3447.5791263921
5.616,3447.52596506629
5.616,3447.62141151832
5.616,3447.87013206566
5.616,3448.26238863287
5.616,3448.77577980401
5.655,3449.37826812381
5.655,3450.03220985956
5.655,3450.69900506016
5.655,3451.34387242032
5.655,3451.94018804158
5.655,3452.47285125317
5.655,3452.94022376256
5.655,3453.35433357288
5.655,3453.73928588069
5.655,3454.12811758421
5.694,3454.55851774865
5.694,3455.06788170733
5.694,3455.68819188446
5.694,3456.44128203791
5.694,3457.3350574775
5.694,3458.36114347154
5.694,3459.49425952233
5.694,3460.69342656508
5.694,3461.90491755893
5.694,3463.06667134711
5.732,3464.11373881284
5.732,3464.9842322908
5.732,3465.62519712609
5.732,3465.99782661472
5.732,3466.08150452204
5.732,3465.87626141922
5.732,3465.40336161503
5.732,3464.70392281013
5.732,3463.83571295534
5.732,3462.86849431629
5.771,3461.87840849371
5.771,3460.94192097241
5.771,3460.1298363303
5.771,3459.50187930163
5.771,3459.10228015785
5.771,3458.95669462915
5.771,3459.07066198923
5.771,3459.42969150187
5.771,3460.00096906617
5.771,3460.73657304887
5.81,3461.57796279253
5.81,3462.46135745012
5.81,3463.32348303456
5.81,3464.10707744787
5.81,3464.76555873404
5.81,3465.26640496283
5.81,3465.59302095651
5.81,3465.74507879601
5.81,3465.73744598894
5.81,3465.59787537191
5.849,3465.36368554647
5.849,3465.07773434083
5.849,3464.78405541876
5.849,3464.52356609987
5.849,3464.33026680182
5.849,3464.22833244599
5.849,3464.23040434524
5.849,3464.33721626354
5.849,3464.53849465001
5.849,3464.81493649067
5.887,3465.14099341075
5.887,3465.48813733487
5.887,3465.82824330881
5.887,3466.13672162946
5.887,3466.39506966384
5.887,3466.59258488458
5.887,3466.72707906238
5.887,3466.80454475195
5.887,3466.83783963957
5.887,3466.84458416399
5.926,3466.84459285333
5.926,3466.85720405448
5.926,3466.89880834455
5.926,3466.98078845906
5.926,3467.10806129496
5.926,3467.27842528768
5.926,3467.48286670608
5.926,3467.70683658195
5.926,3467.9323425579
5.926,3468.14057969042
5.965,3468.31476613086
5.965,3468.44283252488
5.965,3468.51962213987
5.965,3468.54829393801
5.965,3468.54069384905
5.965,3468.51657740145
5.965,3468.5017241661
5.965,3468.52515744894
5.965,3468.61583081447
5.965,3468.79922486007
6.003,3469.09429140372
6.003,3469.51109736574
6.003,3470.0493951526
6.003,3470.69822840398
6.003,3471.43660007853
6.003,3472.23516939185
6.003,3473.05886443241
6.003,3473.87018635186
6.003,3474.63287217863
6.003,3475.31551228241
6.042,3475.89469805707
6.042,3476.35731203476
6.042,3476.70167273358
6.042,3476.93739586171
6.042,3477.08399241126
6.042,3477.1683627048
6.042,3477.22146729977
6.042,3477.27456476776
6.042,3477.35547666634
6.042,3477.48534264914
6.081,3477.67626437952
6.081,3477.93012589874
6.081,3478.23873323207
6.081,3478.585241565
6.081,3478.94665302576
6.081,3479.2970130175
6.081,3479.61085504395
6.081,3479.86646788031
6.081,3480.04864715512
6.081,3480.15066034254
6.12,3480.17518059323
6.12,3480.13402457817
6.12,3480.04672398524
6.12,3479.93817828007
6.12,3479.83574971855
6.12,3479.7661668761
6.12,3479.75256987406
6.12,3479.81197524385
6.12,3479.95336111034
6.12,3480.1765233591
6.158,3480.47183907207
6.158,3480.82101581871
6.158,3481.19877929531
6.158,3481.57534353411
6.158,3481.91945340261
6.158,3482.2017163873
6.158,3482.39784411564
6.158,3482.49141148449
6.158,3482.47584355259
6.158,3482.35545758406
6.197,3482.14546237433
6.197,3481.87089347833
6.197,3481.56456089126
6.197,3481.26416953203
6.197,3481.0088472151
6.197,3480.83540473966
6.197,3480.77470847307
6.197,3480.84851390574
6.197,3481.06704267082
6.197,3481.42754711129
6.236,3481.91405324201
6.236,3482.4983628859
6.236,3483.14228184589
6.236,3483.80095903572
6.236,3484.42710507891
6.236,3484.97567375631
6.236,3485.40844605771
6.236,3485.69796757732
6.236,3485.83041360985
6.236,3485.80709055135
6.275,3485.64441544863
6.275,3485.3723781806
6.275,3485.03165257238
6.275,3484.66963886871
6.275,3484.33581120844
6.275,3484.07684077312
6.275,3483.9320272229
6.275,3483.9295414492
6.275,3484.08387362358
6.275,3484.39473536848
6.313,3484.84749771304
6.313,3485.41506595256
6.313,3486.06092983622
6.313,3486.7430111549
6.313,3487.41787045382
6.313,3488.04483222782
6.313,3488.58963480994
6.313,3489.0272865833
6.313,3489.3439025641
6.313,3489.53740217252
6.352,3489.61705310717
6.352,3489.60192955146
6.352,3489.51842971249
6.352,3489.39709069059
6.352,3489.26902787878
6.352,3489.16237279641
6.352,3489.09909202038
6.352,3489.09256260674
6.352,3489.14622911909
6.352,3489.25353119422
6.391,3489.39909157073
6.391,3489.56097012149
6.391,3489.71366935526
6.391,3489.83151289252
6.391,3489.8919910359
6.391,3489.87868416937
6.391,3489.78344347434
6.391,3489.60760731746
6.391,3489.36213312014
6.391,3489.06662259504
6.429,3488.74731452254
6.429,3488.43421807807
6.429,3488.15767709762
6.429,3487.94478228961
6.429,3487.81611418635
6.429,3487.78324043169
6.429,3487.84724299097
6.429,3487.9984114063
6.429,3488.21714010527
6.429,3488.47596420952
6.468,3488.74253720489
6.468,3488.9832340462
6.468,3489.16698697059
6.468,3489.26892934487
6.468,3489.27343964182
6.468,3489.17624804161
6.468,3488.98537649458
6.468,3488.7208128026
6.468,3488.41296852886
6.468,3488.10011776671
6.507,3487.82510190941
6.507,3487.63159121934
6.507,3487.56017561903
6.507,3487.64457592401
6.507,3487.90830974029
6.507,3488.36216209413
6.507,3489.00276092297
6.507,3489.81243537391
6.507,3490.76038311568
6.507,3491.80505099399
6.546,3492.89754899281
6.546,3493.98582726502
6.546,3495.01923343901
6.546,3495.95298208341
6.546,3496.75205996346
6.546,3497.39415174017
6.546,3497.87128065593
6.546,3498.19001156992
6.546,3498.37022990911
6.546,3498.44265686085
6.584,3498.44538796784
6.584,3498.41983782717
6.584,3498.40650179688
6.584,3498.44091185247
6.584,3498.55012841564
6.584,3498.75010027125
6.584,3499.04418722848
6.584,3499.42303283667
6.584,3499.86583418199
6.584,3500.34291282824
6.623,3500.81932372904
6.623,3501.25906796269
6.623,3501.62937821485
6.623,3501.90455110702
6.623,3502.0688680012
6.623,3502.11825382724
6.623,3502.06047987201
6.623,3501.91389576716
6.623,3501.70483452168
6.623,3501.46398577167
6.662,3501.22220884176
6.662,3501.00640555523
6.662,3500.83609163212
6.662,3500.72117756008
6.662,3500.66126478578
6.662,3500.64653129627
6.662,3500.6600368634
6.662,3500.68106908976
6.662,3500.68903199899
6.662,3500.66733527595
6.701,3500.60673864042
6.701,3500.50766945642
6.701,3500.3811899713
6.701,3500.24849059792
6.701,3500.13896631831
6.701,3500.08710151886
6.701,3500.12854853615
6.701,3500.29587530528
6.701,3500.61444303337
6.701,3501.09882332021
6.739,3501.75013586491
6.739,3502.55463683107
6.739,3503.48376021838
6.739,3504.495649454
6.739,3505.53806917603
6.739,3506.5524478359
6.739,3507.47866418668
6.739,3508.26010857731
6.739,3508.84855509099
6.739,3509.20843415088
6.778,3509.32015866054
6.778,3509.18222595158
6.778,3508.81189098434
6.778,3508.24429330361
6.778,3507.530049444
6.778,3506.73148114741
6.778,3505.91777363155
6.778,3505.15942552563
6.778,3504.52241607287
6.778,3504.06259717008
6.817,3503.82085997078
6.817,3503.81958826414
6.817,3504.06081031383
6.817,3504.52629470442
6.817,3505.17958846095
6.817,3505.96973274318
6.817,3506.83622526364
6.817,3507.71473842473
6.817,3508.54305621763
6.817,3509.26664562221
6.856,3509.84332092945
6.856,3510.24661108075
6.856,3510.46759922778
6.856,3510.5151126917
6.856,3510.41425280371
6.856,3510.20340793871
6.856,3509.93004856139
6.856,3509.6457177152
6.856,3509.40070972554
6.856,3509.2389696847
6.894,3509.19372006909
6.894,3509.28424166585
6.894,3509.51413693036
6.894,3509.87127651931
6.894,3510.32945964545
6.894,3510.85163211578
6.894,3511.39433376259
6.894,3511.91289984154
6.894,3512.36683509631
6.894,3512.72474709858
6.933,3512.96827917872
6.933,3513.0945903916
6.933,3513.11706069031
6.933,3513.06407234981
6.933,3512.97595200557
6.933,3512.90040750761
6.933,3512.88698695457
6.933,3512.98119056881
6.933,3513.21889445524
6.933,3513.62171778767
6.972,3514.19387634864
6.972,3514.92090537375
6.972,3515.77041611089
6.972,3516.6948078469
6.972,3517.63563232543
6.972,3518.52913373721
6.972,3519.3123740153
6.972,3519.92929739689
6.972,3520.33609804538
6.972,3520.50533663343
7.01,3520.42839189486
7.01,3520.11600859132
7.01,3519.59690152706
7.01,3518.91458609156
7.01,3518.12280361974
7.01,3517.28005665898
7.01,3516.44384492402
7.01,3515.6652111284
7.01,3514.9841816221
7.01,3514.4266010046
7.049,3514.00269050567
7.049,3513.70743640379
7.049,3513.52270364273
7.049,3513.42080022181
7.049,3513.36906648275
7.049,3513.33492633695
7.049,3513.29075799561
7.049,3513.21795086729
7.049,3513.10960765552
7.049,3512.97152184083
7.088,3512.82130836252
7.088,3512.6858487407
7.088,3512.59745348667
7.088,3512.58928670793
7.088,3512.69063599327
7.088,3512.92257054356
7.088,3513.29444186118
7.088,3513.80157486327
7.088,3514.42439502566
7.088,3515.1291332951
7.127,3515.87011573096
7.127,3516.59347189494
7.127,3517.24192997264
7.127,3517.76025684927
7.127,3518.10084303717
7.127,3518.2288919652
7.127,3518.12665336498
7.127,3517.79618806832
7.127,3517.26029968528
7.127,3516.5614912926
7.165,3515.75903988663
7.165,3514.92447322524
7.165,3514.13585078748
7.165,3513.47130157424
7.165,3513.00231026275
7.165,3512.7873019241
7.165,3512.86611381531
7.165,3513.25590911598
7.165,3513.94898193822
7.165,3514.91274793609
7.204,3516.09201944712
7.204,3517.41343675634
7.204,3518.79169113894
7.204,3520.13696325365
7.204,3521.36284258516
7.204,3522.39392147061
7.204,3523.1723015205
7.204,3523.66240214207
7.204,3523.85365935057
7.204,3523.76090341354
7.243,3523.42241991986
7.243,3522.89593963287
7.243,3522.25301979732
7.243,3521.57241651518
7.243,3520.9330982989
7.243,3520.40754113468
7.243,3520.05588642962
7.243,3519.92143103032
7.243,3520.02776256895
7.243,3520.37767863837
7.282,3520.95385932916
7.282,3521.72112403632
7.282,3522.63001271273
7.282,3523.62137025805
7.282,3524.63153946933
7.282,3525.59769041162
7.282,3526.46279912162
7.282,3527.17987121312
7.282,3527.71513361402
7.282,3528.05002105922
7.32,3528.18186307096
7.32,3528.12327251166
7.32,3527.90034716329
7.32,3527.5498792878
7.32,3527.11581135042
7.32,3526.64521502161
7.32,3526.18413567513
7.32,3525.77370999701
7.32,3525.44696987522
7.32,3525.22665814846
7.359,3525.12422343626
7.359,3525.13999620596
7.359,3525.26443130752
7.359,3525.48022367472
7.359,3525.76501710703
7.359,3526.09433746513
7.359,3526.44435798906
7.359,3526.79417697981
7.359,3527.12740358602
7.359,3527.43294895231
7.398,3527.70502411897
7.398,3527.94247480155
7.398,3528.14767947707
7.398,3528.32524342325
7.398,3528.48067912699
7.398,3528.61924075604
7.398,3528.74506348771
7.398,3528.86070160904
7.398,3528.9670841021
7.398,3529.06386555213
7.437,3529.15012984373
7.437,3529.22535521814
7.437,3529.29048525842
7.437,3529.34891817265
7.437,3529.40722507791
7.437,3529.47542392569
7.437,3529.56669316405
7.437,3529.69650389114
7.437,3529.88122528641
7.437,3530.13630930147
7.475,3530.47424033805
7.475,3530.90252010144
7.475,3531.42194888123
7.475,3532.0253717515
7.475,3532.69700370166
7.475,3533.41245840779
7.475,3534.13958149069
7.475,3534.8400931657
7.475,3535.47194790393
7.475,3535.99225508907
7.514,3536.36054353608
7.514,3536.54210191906
7.514,3536.51112063297
7.514,3536.25336682458
7.514,3535.76810655808
7.514,3535.0690038492
7.514,3534.18383771106
7.514,3533.15303711397
7.514,3532.02716214021
7.514,3530.86355638384
7.553,3529.72247411427
7.553,3528.66300726146
7.553,3527.73909134084
7.553,3526.99582700879
7.553,3526.46636696164
7.553,3526.16964350854
7.553,3526.10918827148
7.553,3526.27321458443
7.553,3526.63600536574
7.553,3527.16048207072
7.591,3527.80167448389
7.591,3528.51072546242
7.591,3529.2390323303
7.591,3529.94210614698
7.591,3530.58274657685
7.591,3531.13322049825
7.591,3531.57627410932
7.591,3531.90496567262
7.591,3532.1214677346
7.591,3532.23512207723
7.63,3532.2600855265
7.63,3532.21287934963
7.63,3532.11010759299
7.63,3531.96657307706
7.63,3531.79397814964
7.63,3531.60034939612
7.63,3531.39027131116
7.63,3531.16589987571
7.63,3530.92853541982
7.63,3530.68038056899
7.669,3530.42611139865
7.669,3530.17400926941
7.669,3529.93652002238
7.669,3529.73018254172
7.669,3529.57492295759
7.669,3529.49275267365
7.669,3529.50593727216
7.669,3529.63474871007
7.669,3529.89499699106
7.669,3530.29562914417
7.708,3530.83673705997
7.708,3531.50830512259
7.708,3532.28993871872
7.708,3533.1516596616
7.708,3534.05569291452
7.708,3534.95906037797
7.708,3535.8167503965
7.708,3536.58521292542
7.708,3537.22591219472
7.708,3537.70863967705
7.746,3538.01425574372
7.746,3538.13653608071
7.746,3538.08289434952
7.746,3537.87389681536
7.746,3537.54160152606
7.746,3537.12683716716
7.746,3536.67562797507
7.746,3536.23507492191
7.746,3535.84907705885
7.746,3535.55430126641
7.786,3535.37680691044
7.786,3535.32970083328
7.786,3535.4120954064
7.786,3535.60946963488
7.786,3535.89535545714
7.786,3536.23414194322
7.786,3536.58470852122
7.786,3536.90453510214
7.786,3537.15387970177
7.786,3537.29958842591
7.824,3537.31814267843
7.824,3537.1976590412
7.824,3536.93870614397
7.824,3536.55393653938
7.824,3536.06662167598
7.824,3535.50825362494
7.824,3534.91547138041
7.824,3534.32665433859
7.824,3533.77854867715
7.824,3533.30324763526
7.862,3532.92576640717
7.862,3532.6623655509
7.862,3532.51970992675
7.862,3532.49491818978
7.862,3532.57651900201
7.862,3532.74622487374
7.862,3532.98129692829
7.862,3533.25720430745
7.862,3533.55030080221
7.862,3533.84027623231
7.901,3534.11215420449
7.901,3534.35763974889
7.901,3534.57568979332
7.901,3534.77225152395
7.901,3534.95918179048
7.901,3535.152457216
7.901,3535.36988665912
7.901,3535.62858453643
7.901,3535.94246208347
7.901,3536.31999173103
7.94,3536.7624960612
7.94,3537.26317659212
7.94,3537.80702770339
7.94,3538.3716938891
7.94,3538.92922408145
7.94,3539.44855601194
7.94,3539.89845685476
7.94,3540.25057834203
7.94,3540.48225185641
7.94,3540.57867375703
7.979,3540.5342469989
7.979,3540.35300028269
7.979,3540.04810009016
7.979,3539.64050142216
7.979,3539.15683622378
7.979,3538.6267414068
7.979,3538.07992475312
7.979,3537.54332439148
7.979,3537.03874009381
7.979,3536.5812708708
8.017,3536.17875617621
8.017,3535.83224799349
8.017,3535.53741409351
8.017,3535.28667310756
8.017,3535.07175019825
8.017,3534.8862604393
8.017,3534.72793653374
8.017,3534.60019401577
8.017,3534.51281533588
8.017,3534.48164061748
8.056,3534.52728963646
8.056,3534.67305381685
8.056,3534.94215691521
8.056,3535.35464133019
8.056,3535.92421720485
8.056,3536.65544873221
8.056,3537.54161357632
8.056,3538.56350419653
8.056,3539.68936428739
8.056,3540.87603977793
8.095,3542.07128926184
8.095,3543.21710372451
8.095,3544.25381916807
8.095,3545.12470407013
8.095,3545.78059300111
8.095,3546.18410650841
8.095,3546.31303255148
8.095,3546.16247942487
8.095,3545.74548401051
8.095,3545.09194894572
8.134,3544.24604141662
8.134,3543.26239472887
8.134,3542.20156361437
8.134,3541.12522625594
8.134,3540.0916197611
8.134,3539.15163350272
8.134,3538.34587795293
8.134,3537.70291804577
8.134,3537.23872152714
8.134,3536.95724782133
8.173,3536.85200994222
8.173,3536.90835639256
8.173,3537.10613133667
8.173,3537.42234054074
8.173,3537.83352233557
8.173,3538.31763086169
8.173,3538.85529858471
8.173,3539.43038844674
8.173,3540.02985168167
8.173,3540.64304640814
8.211,3541.2607414203
8.211,3541.87400420997
8.211,3542.47312210744
8.211,3543.04668063785
8.211,3543.58091181731
8.211,3544.05941614206
8.211,3544.46336081165
8.211,3544.7722321259
8.211,3544.9651316407
8.211,3545.02249248752
8.25,3544.92803088279
8.25,3544.67073300892
8.25,3544.24665959493
8.25,3543.66035136198
8.25,3542.9256796022
8.25,3542.06606244616
8.25,3541.11399501118
8.25,3540.10984990716
8.25,3539.09995668895
8.25,3538.13404821679
8.289,3537.26221493111
8.289,3536.53154938316
8.289,3535.98273334403
8.289,3535.64688819351
8.289,3535.54302120432
8.289,3535.67635461244
8.289,3536.03773803653
8.289,3536.60422214812
8.289,3537.34073853455
8.289,3538.20272155564
8.327,3539.13942206544
8.327,3540.09759479634
8.327,3541.02521932366
8.327,3541.87495486377
8.327,3542.60709047879
8.327,3543.1917962966
8.327,3543.6105355517
8.327,3543.85658710979
8.327,3543.93470724219
8.327,3543.8599921844
8.366,3543.65603695758
8.366,3543.35255894133
8.366,3542.98272262311
8.366,3542.58042120711
8.366,3542.17775948624
8.366,3541.80295550401
8.366,3541.47881191703
8.366,3541.22180763733
8.366,3541.04178632197
8.366,3540.94219999222
8.405,3540.92085971882
8.405,3540.97110812068
8.405,3541.08328373637
8.405,3541.24633638308
8.405,3541.44945858395
8.405,3541.68357736555
8.405,3541.94251261988
8.405,3542.22360203104
8.405,3542.52764309113
8.405,3542.8581005272
8.443,3543.21965606596
8.443,3543.61632283498
8.443,3544.04947216419
8.443,3544.51615737836
8.443,3545.00803212014
8.443,3545.51100635618
8.443,3546.00565618725
8.443,3546.46834099698
8.443,3546.87294594954
8.443,3547.19311391111
8.482,3547.40476171266
8.482,3547.48862345613
8.482,3547.4325437442
8.482,3547.2332539669
8.482,3546.89740752105
8.482,3546.44173201867
8.482,3545.89226489373
8.482,3545.28273341428
8.482,3544.65220087789
8.482,3544.04215847603
8.521,3543.49331853124
8.521,3543.0424200001
8.521,3542.71935415921
8.521,3542.54488167187
8.521,3542.52916360757
8.521,3542.67123738794
8.521,3542.95943002675
8.521,3543.37258905405
8.521,3543.88197642175
8.521,3544.45366224719
8.56,3545.05121496315
8.56,3545.63844067566
8.56,3546.1819297576
8.56,3546.65321219456
8.56,3547.03036642431
8.56,3547.29897047568
8.56,3547.45235573755
8.56,3547.4912227141
8.56,3547.42276439319
8.56,3547.25947218923
8.598,3547.01777823637
8.598,3546.71667336651
8.598,3546.37645619413
8.598,3546.01776042056
8.598,3545.66092894725
8.598,3545.32569361307
8.598,3545.03104146335
8.598,3544.7951170537
8.598,3544.63501381969
8.598,3544.56634720621
8.637,3544.60257792955
8.637,3544.75414264963
8.637,3545.02752342113
8.637,3545.4244274346
8.637,3545.94123333006
8.637,3546.56878872109
8.637,3547.29256444174
8.637,3548.09313368878
8.637,3548.94694229495
8.637,3549.82733922894
8.677,3550.70583067887
8.677,3551.55350304378
8.677,3552.34253289329
8.677,3553.04768530188
8.677,3553.64771380208
8.677,3554.12659768789
8.677,3554.47454625482
8.677,3554.68866589736
8.677,3554.77317215177
8.677,3554.73905953648
8.715,3554.60319991998
8.715,3554.38691136478
8.715,3554.11412095508
8.715,3553.8093159923
8.715,3553.49551089844
8.715,3553.1924543678
8.715,3552.91527573547
8.715,3552.67370146978
8.715,3552.47185272738
8.715,3552.30852877145
8.753,3552.17786241118
8.753,3552.07027991208
8.753,3551.97372048541
8.753,3551.87502254315
8.753,3551.76131151906
8.753,3551.62121474729
8.753,3551.44580589159
8.753,3551.22927572552
8.753,3550.96936550425
8.753,3550.66758729545
8.792,3550.32924561343
8.792,3549.96328795844
8.792,3549.58201623375
8.792,3549.20066501876
8.792,3548.83682066886
8.792,3548.5096423185
8.792,3548.23885609682
8.792,3548.04353323729
8.792,3547.9407268071
8.792,3547.94409549367
8.831,3548.06265871412
8.831,3548.29982469973
8.831,3548.65284100939
8.831,3549.11281098623
8.831,3549.6653544094
8.831,3550.29188090427
8.831,3550.97133711044
8.831,3551.68218569712
8.831,3552.4042842809
8.831,3553.12032214718
8.869,3553.81657398648
8.869,3554.48287962704
8.869,3555.11189723008
8.869,3555.69780905889
8.869,3556.23477953566
8.869,3556.71552481047
8.869,3557.13033157604
8.869,3557.46679585538
8.869,3557.71044626167
8.869,3557.84624659731
8.908,3557.86078670909
8.908,3557.74485826439
8.908,3557.49608104368
8.908,3557.12124198668
8.908,3556.63802165176
8.908,3556.07582332822
8.908,3555.47547560665
8.908,3554.88765870276
8.908,3554.37005391647
8.908,3553.98341382746
8.947,3553.78689760787
8.947,3553.83308360782
8.947,3554.16313255304
8.947,3554.80262171421
8.947,3555.75849894944
8.947,3557.01742769072
8.947,3558.54565102382
8.947,3560.29042848228
8.947,3562.18299084255
8.947,3564.1427958843
8.986,3566.08273357239
8.986,3567.91482950101
8.986,3569.55589465395
8.986,3570.93254492423
8.986,3571.98514973558
8.986,3572.67046801755
8.986,3572.9628545967
8.986,3572.85402335706
8.986,3572.35153937157
8.986,3571.47639895915
9.024,3570.26011260751
9.024,3568.74167552697
9.024,3566.96478455627
9.024,3564.97558651576
9.024,3562.82107015901
9.024,3560.54804205926
9.024,3558.20255157985
9.024,3555.82960267961
9.024,3553.47295838806
9.024,3551.17485856931
9.063,3548.97555893838
9.063,3546.9126888373
9.063,3545.02047424368
9.063,3543.32891148751
9.063,3541.86300501351
9.063,3540.64215884569
9.063,3539.67975583731
9.063,3538.98292613702
9.063,3538.55248719944
9.063,3538.38300094439
9.102,3538.46287172329
9.102,3538.77443410338
9.102,3539.29401868626
9.102,3539.99202210154
9.102,3540.83308442156
9.102,3541.77657211028
9.102,3542.77757028187
9.102,3543.78847095068
9.102,3544.76110547723
9.102,3545.64929040501
9.141,3546.41159760409
9.141,3547.01408554462
9.141,3547.43269364788
9.141,3547.65503534275
9.141,3547.68136552405
9.141,3547.52452407349
9.141,3547.20873963442
9.141,3546.76733079899
9.141,3546.23947676903
9.141,3545.66631033227
9.179,3545.08667884302
9.179,3544.53302900901
9.179,3544.02788718982
9.179,3543.58129075828
9.179,3543.18939624028
9.179,3542.83442173274
9.179,3542.48599876088
9.179,3542.10385584096
9.179,3541.64159534707
9.179,3541.05120656193
9.218,3540.28785074147
9.218,3539.31436551441
9.218,3538.10494739419
9.218,3536.6476046644
9.218,3534.94514840483
9.218,3533.0146575062
9.218,3530.88553899969
9.218,3528.59649468109
9.218,3526.19182770275
9.218,3523.7175549891
9.257,3521.21776995116
9.257,3518.73163582651
9.257,3516.29126544898
9.257,3513.92058999022
9.257,3511.63520204442
9.257,3509.44307845604
9.257,3507.34600056987
9.257,3505.3414053695
9.257,3503.42436501794
9.257,3501.58940016433
9.295,3499.83186526597
9.295,3498.14871828541
9.295,3496.53860671097
9.295,3495.00133103166
9.295,3493.5368511093
9.295,3492.14406567778
9.295,3490.81960518362
9.295,3489.55683163038
9.295,3488.34518111497
9.295,3487.1699606776
9.334,3486.01269224074
9.334,3484.8520337424
9.334,3483.66522725446
9.334,3482.42997402137
9.334,3481.12659327893
9.334,3479.74024569993
9.334,3478.26293204643
9.334,3476.69498297489
9.334,3475.04583198775
9.334,3473.33394533521
9.373,3471.58584821818
9.373,3469.83427209484
9.373,3468.11556642959
9.373,3466.46663237554
9.373,3464.92170615779
9.373,3463.50932903554
9.373,3462.24978372112
9.373,3461.15317070104
9.373,3460.21819339995
9.373,3459.4316709877
9.412,3458.76879908165
9.412,3458.19418241019
9.412,3457.66363790592
9.412,3457.1267108349
9.412,3456.52976558298
9.412,3455.81943006638
9.412,3454.94612772782
9.412,3453.86742735892
9.412,3452.55094329278
9.412,3450.9765200426
9.45,3449.13747593927
9.45,3447.04077401797
9.45,3444.70609231958
9.45,3442.16385191697
9.45,3439.45235400814
9.45,3436.61428743694
9.45,3433.69295615333
9.45,3430.72861319285
9.45,3427.75528370968
9.45,3424.79841706238
9.489,3421.87360728222
9.489,3418.98647085289
9.489,3416.13361393422
9.489,3413.3044859195
9.489,3410.48381866543
9.489,3407.65432527986
9.489,3404.79938588936
9.489,3401.90552305338
9.489,3398.96451370171
9.489,3395.97500558055
9.528,3392.94352277417
9.528,3389.88474334888
9.528,3386.82091898548
9.528,3383.78034079883
9.528,3380.79486637921
9.528,3377.89665405575
9.528,3375.11435447303
9.528,3372.46911707604
9.528,3369.97089108761
9.528,3367.61555861466
9.567,3365.38336052651
9.567,3363.23889470233
9.567,3361.13275868689
9.567,3359.00470798136
9.567,3356.78801434513
9.567,3354.41456778125
9.567,3351.82019392907
9.567,3348.94963345814
9.567,3345.76064348158
9.567,3342.22677550578
9.605,3338.33857771521
9.605,3334.10319819437
9.605,3329.54256079659
9.605,3324.69043808325
9.605,3319.58884788031
9.605,3314.28421207709
9.605,3308.82364333295
9.605,3303.25162712231
9.605,3297.60728164038
9.605,3291.92231588736
9.644,3286.2197777868
9.644,3280.51366970921
9.644,3274.80944258627
9.644,3269.10524340387
9.644,3263.39367390959
9.644,3257.66379974881
9.644,3251.90318566736
9.644,3246.09976410805
9.644,3240.24340583015
9.644,3234.32717703902
9.683,3228.34835755379
9.683,3222.30928484324
9.683,3216.21802221034
9.683,3210.08880611581
9.683,3203.9422167354
9.683,3197.80500684963
9.683,3191.70951581183
9.683,3185.69260596446
9.683,3179.79410262984
9.683,3174.05480298732
9.721,3168.51421213546
9.721,3163.20820450354
9.721,3158.16680307528
9.721,3153.4122934311
9.721,3148.95792216204
9.721,3144.80733251583
9.721,3140.95465224776
9.721,3137.38496872932
9.721,3134.07494653917
9.721,3130.99346248099
9.76,3128.10220588359
9.76,3125.35623675943
9.76,3122.70458329141
9.76,3120.09104460304
9.76,3117.45534351164
9.76,3114.73465179573
9.76,3111.86539531498
9.76,3108.78523509774
9.76,3105.43523046614
9.76,3101.76233846318
9.799,3097.72244288278
9.799,3093.2839633677
9.799,3088.4318503347
9.799,3083.17152769671
9.799,3077.53213047214
9.799,3071.56825590191
9.799,3065.35952582654
9.799,3059.00757262491
9.799,3052.63048689606
9.799,3046.35516462397
9.838,3040.30830600309
9.838,3034.60701109512
9.838,3029.34992665469
9.838,3024.60971017744
9.838,3020.42731394195
9.838,3016.80843035749
9.838,3013.72241370892
9.838,3011.10394070336
9.838,3008.85743168184
9.838,3006.86387074489
9.876,3004.98932030711
9.876,3003.0942169505
9.876,3001.04244271116
9.876,2998.70922543267
9.876,2995.98719566817
9.876,2992.79031902252
9.876,2989.05574409889
9.876,2984.74382711451
9.876,2979.83680387348
9.876,2974.33673003357
9.915,2968.26325082789
9.915,2961.65150914214
9.915,2954.55023663102
9.915,2947.01990557305
9.915,2939.13075701077
9.915,2930.96057301164
9.915,2922.5921891852
9.915,2914.11082274831
9.915,2905.60127633559
9.915,2897.14508639037
9.954,2888.81778348271
9.954,2880.68649723929
9.954,2872.80807810554
9.954,2865.22781679013
9.954,2857.97879677288
9.954,2851.08185014156
9.954,2844.54599365129
9.954,2838.36920535039
9.954,2832.53945188589
9.954,2827.03584580495
9.993,2821.82969195774
9.993,2816.88515651259
9.993,2812.15945985345
9.993,2807.60274706407
9.993,2803.15800621718
9.993,2798.76154867286
9.993,2794.34455324913
9.993,2789.83590680871
9.993,2785.1661510434
9.993,2780.27203482815
10.031,2775.10109394975
10.031,2769.61572965059
10.031,2763.79632273547
10.031,2757.64301019122
10.031,2751.17589881458
10.031,2744.43367116392
10.031,2737.47072163905
10.031,2730.35312534184
10.031,2723.15383842396
10.031,2715.94752093313
10.07,2708.8053218632
10.07,2701.78995926103
10.07,2694.95148188069
10.07,2688.32415983701
10.07,2681.92491554685
10.07,2675.75347232613
10.07,2669.79402418913
10.07,2664.01795288084
10.07,2658.38709541909
10.07,2652.85719624557
10.109,2647.38127848643
10.109,2641.91269645249
10.109,2636.407627575
10.109,2630.8267506232
10.109,2625.13591338177
10.109,2619.30580230885
10.109,2613.31088892918
10.109,2607.12802313543
10.109,2600.7349549465
10.109,2594.10901042324
10.148,2587.22623261819
10.148,2580.0613882705
10.148,2572.58920881513
10.148,2564.78708928495
10.148,2556.63920969799
10.148,2548.14167463466
10.148,2539.30792541432
10.148,2530.17348184657
10.148,2520.79895794629
10.148,2511.27028985342
10.186,2501.69547610775
10.186,2492.19792827467
10.186,2482.90732006222
10.186,2473.94915191526
10.186,2465.4341993026
10.186,2457.44889605566
10.186,2450.04753724409
10.186,2443.24688400203
10.186,2437.02348426126
10.186,2431.31394186655
10.225,2426.01826014822
10.225,2421.00599477274
10.225,2416.12440682018
10.225,2411.20746579249
10.225,2406.08459832758
10.225,2400.58845554036
10.225,2394.56146445135
10.225,2387.86124522632
10.225,2380.36498008495
10.225,2371.9727022839
10.264,2362.60950498435
10.264,2352.22682761593
10.264,2340.80303917193
10.264,2328.34347189291
10.264,2314.88002456289
10.264,2300.47048155242
10.264,2285.19767103155
10.264,2269.16848961328
10.264,2252.51271555296
10.264,2235.38147728883
10.302,2217.94529391844
10.302,2200.39173408806
10.302,2182.92280370706
10.302,2165.75211080629
10.302,2149.10178508616
10.302,2133.19908135658
10.302,2118.27242247934
10.302,2104.54632947153
10.302,2092.23445365523
10.302,2081.52987232625
10.341,2072.59193480855
10.341,2065.52943382681
10.341,2060.38085808025
10.341,2057.09355885154
10.341,2055.50420050082
10.341,2055.32272342558
10.341,2056.12163596998
10.341,2057.33211214047
10.341,2058.24810843277
10.341,2058.03943328501
10.38,2055.77432976177
10.38,2050.45152419341
10.38,2041.04080341356
10.38,2026.53025811114
10.38,2005.97769793459
10.38,1978.56342982839
10.38,1943.64133742015
10.38,1900.78489298157
10.38,1849.82460040409
10.38,1790.87364735391
10.419,1724.33919988229
10.419,1650.91765495798
10.419,1571.57325251229
10.419,1487.50074384529
10.419,1400.07414598166
10.419,1310.7847214466
10.419,1221.17213796081
10.419,1132.7533693531
10.419,1046.95422660073
10.419,965.048210915879
10.457,888.106574151754
10.457,816.962265207054
10.457,752.189125877164
10.457,694.096459353055
10.457,642.738034560326
10.457,597.933785006839
10.457,559.301895057538
10.457,526.298555304863
10.457,498.262410160117
10.457,474.460693364091
10.496,454.13424642673
10.496,436.538935720066
10.496,420.981380566906
10.496,406.847438619646
10.496,393.622566060609
10.496,380.90382526777
10.496,368.40381441821
10.496,355.947171713166
10.496,343.460653020859
10.496,330.958100596964
10.535,318.521858809375
10.535,306.282321384012
10.535,294.397288468424
10.535,283.032629641264
10.535,272.345419424916
10.535,262.47035526527
10.535,253.509955746841
10.535,245.528727020644
10.535,238.551149493306
10.535,232.563032523588
10.574,227.515560988677
10.574,223.33120058898
10.574,219.910546182838
10.574,217.13924658937
10.574,214.894326940204
10.574,213.04948336031
10.574,211.479188132974
10.574,210.06169334612
10.574,208.681201783724
10.574,207.22953796792
10.612,205.607643338806
10.612,203.72720709547
10.612,201.512710701812
10.612,198.904052602706
10.612,195.8597476618
10.612,192.360523136324
10.612,188.41297003532
10.612,184.052753694207
10.612,179.346796065628
10.612,174.393868360234
10.651,169.323153775581
10.651,164.290510310665
10.651,159.472381542682
10.651,155.057566935787
10.651,151.237318457525
10.651,148.194421383239
10.651,146.092037717627
10.651,145.063142401541
10.651,145.201350757971
10.651,146.553837311462
10.69,149.116930927466
10.69,152.834849145034
10.69,157.601861403707
10.69,163.267922079999
10.69,169.647517237559
10.69,176.531149739008
10.69,183.69855435254
10.69,190.932445231042
10.69,198.031473722549
10.69,204.821196179765
10.728,211.162173947227
10.728,216.954730118263
10.728,222.140284127489
10.728,226.699540001169
10.728,230.6480700524
10.728,234.0299668737
10.728,236.91025609866
10.728,239.36673612951
10.728,241.481860921113
10.728,243.335206765938
10.767,244.997004534298
10.767,246.523193600083
10.767,247.952378707896
10.767,249.304874224532
10.767,250.583777250984
10.767,251.777829674326
10.767,252.865681927245
10.767,253.82099137696
10.767,254.617642004269
10.767,255.234380977062
10.806,255.658330747426
10.806,255.887054478931
10.806,255.929064724549
10.806,255.802841812648
10.806,255.534539006479
10.806,255.154630723596
10.806,254.693902291469
10.806,254.179375859261
10.806,253.630862996926
10.806,253.058722468797
10.845,252.463139428074
10.845,251.834944088082
10.845,251.157722765371
10.845,250.410794209354
10.845,249.572560436904
10.845,248.623748442205
10.845,247.550078872915
10.845,246.343972165494
10.845,245.005104322073
10.845,243.539897639148
10.883,241.960230226839
10.883,240.281702727336
10.883,238.521734952857
10.883,236.69761794516
10.883,234.824502535156
10.883,232.913300417835
10.883,230.968636549065
10.883,228.987172789042
10.883,226.956680493161
10.883,224.856182510209
10.922,222.657365457218
10.922,220.327272310581
10.922,217.832037798781
10.922,215.141229416409
10.922,212.232279325683
10.922,209.094489495888
10.922,205.732104824595
10.922,202.166004113664
10.922,198.433694338987
10.922,194.587483252257
10.961,190.690913191686
10.961,186.813760814517
10.961,183.026112123567
10.961,179.392136375395
10.961,175.964184190331
10.961,172.777784008806
10.961,169.84804651291
10.961,167.167880362667
10.961,164.708255284044
10.961,162.420546164117
11,160.240773744051
11,158.095335249311
11,155.90764371362
11,153.605021294339
11,151.125200134062
11,148.421828618775
11,145.468474049199
11,142.260782545796
11,138.816668165402
11,135.174595934218
11.038,131.390181969489
11.038,127.53146813137
11.038,123.673336499248
11.038,119.891606415564
11.038,116.257400768094
11.038,112.832350535204
11.038,109.665092974811
11.038,106.789324020869
11.038,104.223449320171
11.038,101.971688465344
11.077,100.026342690964
11.077,98.3708513847879
11.077,96.9832365799618
11.077,95.8395321514503
11.077,94.9167827878959
11.077,94.195200245731
11.077,93.6591403955292
11.077,93.2967391007833
11.077,93.0982822553798
11.077,93.0536165108416
11.116,93.1490665258817
11.116,93.3643814592724
11.116,93.6702078072926
11.116,94.0265197069935
11.116,94.382348328655
11.116,94.6770262915912
11.116,94.8429986917049
11.116,94.8100686994619
11.116,94.5107566174484
11.116,93.8862695590175
11.155,92.8924476571067
11.155,91.5050235806452
11.155,89.7236071238708
11.155,87.5739385296872
11.155,85.1081037273776
11.155,82.4025649925058
11.155,79.5540327675671
11.155,76.6733863384942
11.155,73.8780453603201
11.155,71.283390955917
11.193,68.9939899397569
11.193,67.0954343543278
11.193,65.6475522631929
11.193,64.6795981138579
11.193,64.1878279319968
11.193,64.1356367005652
11.193,64.4562124970877
11.193,65.0574699413907
11.193,65.8288687994792
11.193,66.6495879490783
11.232,67.3974046992877
11.232,67.9575455151214
11.232,68.2307596769372
11.232,68.1399423899876
11.232,67.6347938267825
11.232,66.6942139098151
11.232,65.3263496788144
11.232,63.5663988651977
11.232,61.4724358951469
11.232,59.1196845939463
11.271,56.5938064946168
11.271,53.9838684107136
11.271,51.3756672158932
11.271,48.846017470951
11.271,46.4584621770844
11.271,44.2606750388551
11.271,42.2836180547965
11.271,40.5423306003151
11.271,39.0380743445922
11.271,37.7614525276647
11.309,36.6960614071132
11.309,35.8222056619477
11.309,35.1202156358351
11.309,34.5729573385465
11.309,34.1672388726635
11.309,33.8939777008122
11.309,33.7471723768827
11.309,33.7218925017039
11.309,33.8116398219772
11.309,34.0055226173617
11.348,34.2857170525096
11.348,34.6256687962373
11.348,34.9894201099388
11.348,35.3323267133465
11.348,35.6032561416586
11.348,35.748155546191
11.348,35.7146734399525
11.348,35.4573479334993
11.348,34.9427640626255
11.348,34.1540576051084
11.387,33.0942018632397
11.387,31.7876362890746
11.387,30.2799599485007
11.387,28.6356033039002
11.387,26.9335917888638
11.387,25.2617073832324
11.387,23.7095294985773
11.387,22.3609798726677
11.387,21.2870795399308
11.387,20.5396235891968
11.426,20.1463921192019
11.426,20.1083664179234
11.426,20.3992324683494
11.426,20.9672490121166
11.426,21.7393514641049
11.426,22.6271666371943
11.426,23.5344319955767
11.426,24.3651608734767
11.426,25.0317998095511
11.426,25.4626116328347
11.464,25.6075943248596
11.464,25.4423990860828
11.464,24.9699188010634
11.464,24.2194482277789
11.464,23.2435372263719
11.464,22.1128519332121
11.464,20.9095261925529
11.464,19.7196234059176
11.464,18.6254195378839
11.464,17.698240739839
11.503,16.9925327386752
11.503,16.5417036981495
11.503,16.3560815237459
11.503,16.4230921232426
11.503,16.7095367925527
11.503,17.1656533792911
11.503,17.7304970257184
11.503,18.3380732582175
11.503,18.9236018513871
11.503,19.429289609229
11.542,19.8090513459329
11.542,20.031747024443
11.542,20.0826900565621
11.542,19.9633943866736
11.542,19.6897255212758
11.542,19.2887770437888
11.542,18.7949007897897
11.542,18.245375097095
11.542,17.6762050994474
11.542,17.1185167958698
11.581,16.5959299414779
11.581,16.1231677017587
11.581,15.7059935276384
11.581,15.3423878794993
11.581,15.0247208795992
11.581,14.7425618476001
11.581,14.4857038511443
11.581,14.2469742189444
11.581,14.0244433595091
11.581,13.8227209540821
11.619,13.6531320936591
11.619,13.5326943351761
11.619,13.4819648915387
11.619,13.521980738088
11.619,13.6706527970606
11.619,13.9390755205082
11.619,14.3282524611666
11.619,14.8267053322988
11.619,15.409338765271
11.619,16.0377989623709
11.658,16.662410047261
11.658,17.225606817974
11.658,17.6666169073633
11.658,17.9269923203198
11.658,17.956465400878
11.658,17.7185278422979
11.658,17.195124222258
11.658,16.3899208479632
11.658,15.3297443169635
11.658,14.0639609044405
11.697,12.6617665905954
11.697,11.2075571378711
11.697,9.79472936596185
11.697,8.51841869029584
11.697,7.46779773542929
11.697,6.71863134385829
11.697,6.32678404130996
11.697,6.32329709866037
11.697,6.71150152085422
11.697,7.46643186240208
11.736,8.53658339644599
11.736,9.84784230343257
11.736,11.3092350198796
11.736,12.8199948893603
11.736,14.2773347916449
11.736,15.5842521566638
11.736,16.6566884996746
11.736,17.4294262032938
11.736,17.8602322239457
11.736,17.9319428797862
11.774,17.6523995688409
11.774,17.0523558654859
11.774,16.1816555654359
11.774,15.1041191557009
11.774,13.8916685184966
11.774,12.6182615607851
11.774,11.3541993718869
11.774,10.1613104461625
11.774,9.0894079530467
11.774,8.17425961792856
11.813,7.43712513695571
11.813,6.88573526718742
11.813,6.51643709373151
11.813,6.31712581984598
11.813,6.27052962755345
11.813,6.35740954408272
11.813,6.5592756787185
11.813,6.86030006531139
11.813,7.24822130655697
11.813,7.71417835814506
11.852,8.25156248902207
11.852,8.85411760077916
11.852,9.51363175162135
11.852,10.2176298526052
11.852,10.9474858849762
11.852,11.6773215385466
11.852,12.3739586962778
11.852,12.9980618754719
11.852,13.5064588915775
11.852,13.8554790418517
11.891,14.0050123991111
11.891,13.9228826667331
11.891,13.5890514307818
11.891,12.9991491339407
11.891,12.1668695186355
11.891,11.1248675294458
11.891,9.92394965359058
11.891,8.6305184714223
11.891,7.32240872832067
11.891,6.08341412731671
11.929,4.99694227566245
11.929,4.13934249854709
11.929,3.57351570903807
11.929,3.34342069404509
11.929,3.47002625597629
11.929,3.9491272936312
11.929,4.75126118258212
11.929,5.82375192275967
11.929,7.094701746904
11.929,8.47857046514415
11.968,9.88284756557626
11.968,11.2152347752124
11.968,12.3907183565146
11.968,13.3379226835868
11.968,14.0041995267522
11.968,14.3590195003517
11.968,14.3953908542669
11.968,14.1292262742474
11.968,13.5967874143782
11.968,12.8505278622147
12.007,11.9537992983872
12.007,10.9749663159494
12.007,9.98149324779794
12.007,9.03453479745064
12.007,8.18449434995337
12.007,7.46791242520864
12.007,6.90591107796655
12.007,6.50425556813745
12.007,6.2549227602415
12.007,6.13891051695219
12.045,6.12990253147891
12.045,6.19833065628404
12.045,6.31535732868096
12.045,6.45633218466298
12.045,6.60335256571276
12.045,6.74666971254179
12.045,6.8848221576895
12.045,7.02353251873542
12.045,7.1735571883129
12.045,7.34781190117944
12.084,7.55819024244547
12.084,7.81252935387355
12.084,8.11214993756438
12.084,8.45031416292969
12.084,8.81182412990647
12.084,9.17384490889114
12.084,9.50789453725049
12.084,9.78280799808943
12.084,9.96836052129472
12.084,10.0391382839508
12.123,9.97818781757104
12.123,9.7799747726077
12.123,9.45224412580669
12.123,9.01649009184401
12.123,8.50689829270591
12.123,7.96779511581906
12.123,7.44980916514406
12.123,7.00509791804324
12.123,6.68210369499822
12.123,6.52036744708101
12.162,6.54594185499572
12.162,6.76790344445013
12.162,7.17636554460474
12.162,7.74224576619599
12.162,8.41886025017567
12.162,9.14522821376672
12.162,9.85080081184365
12.162,10.4611956879784
12.162,10.9044283229287
12.162,11.1170824852093
12.2,11.0498562303991
12.2,10.6719628354044
12.2,9.97396176224062
12.2,8.96873930864627
12.2,7.69053900250819
12.2,6.19213688459566
12.2,4.54044033924307
12.2,2.81093637325457
12.2,1.08151022468213
12.2,-0.573806158157956
